TR26139_c2_g1_i1,7.427,20.334,0,2.113,4.184,109.984,,,,,,,,,,,,,,h48 Elevated
TR27335_c0_g3_i1,0,4.877,0,2.367,79.305,0.066,,,,,,,,,,,,,,h16-24 Elevated
TR27753_c0_g1_i1,7.422,0.479,0,1.406,23.149,1.821,,,,,,,,,,,,,,
TR28082_c1_g1_i3,5.558,0,1.011,88.874,176.465,0.192,,,,,,,,,,,,,,h16-24 Elevated
TR28540_c0_g2_i3,6.48,3.552,0.154,24.769,202.746,0.301,,,,,,,,,,,,,,h16-24 Elevated
TR29606_c0_g1_i2,9.938,7.026,0.228,0.582,1.404,0,"""Band 4.1-like protein 3 (4.1B) (Differentially expressed in adenocarcinoma of the lung protein 1) (DAL-1) (DAL1P) (mDAL-1) [Cleaved into: Band 4.1-like protein 3, N-terminally processed]""",7.00E-140,Q9WV92,E41L3_MOUSE,GO:0006915; GO:0005911; GO:0030866; GO:0030865; GO:0005737; GO:0007016; GO:0005856; GO:0019898; GO:0044224; GO:0043217; GO:0048812; GO:0030913; GO:0033270; GO:0005886; GO:0071205; GO:0002175; GO:0072659; GO:0008360; GO:0005200,,,apoptotic process; cell-cell junction; cortical actin cytoskeleton organization; cortical cytoskeleton organization; cytoplasm; cytoskeletal anchoring at plasma membrane; cytoskeleton; extrinsic to membrane; juxtaparanode region of axon; myelin maintenance; neuron projection morphogenesis; paranodal junction assembly; paranode region of axon; plasma membrane; protein localization to juxtaparanode region of axon; protein localization to paranode region of axon; protein localization to plasma membrane; regulation of cell shape; structural constituent of cytoskeleton,IPR008379; IPR019749; IPR019750; IPR021187; IPR000798; IPR014847; IPR014352; IPR019748; IPR019747; IPR000299; IPR018979; IPR018980; IPR011993; IPR007477;,,Epb41l3 Dal1 Epb4.1l3 Kiaa0987,Mus musculus (Mouse),929,Down all
TR29677_c0_g2_i1,0,0.115,6.292,9.837,4.106,0.062,,,,,,,,,,,,,,h16-24 Elevated
TR30901_c0_g1_i5,17.574,23.043,7.599,21.831,22.914,0,,,,,,,,,,,,,,h16-24 Elevated
TR30962_c0_g1_i1,9.311,18.382,7.945,0,0.248,12.238,RNA polymerase II transcriptional coactivator KIWI,8.00E-14,O65154,KIWI_ARATH,GO:0003677; GO:0005634; GO:0006355; GO:0003713; GO:0006351,O65155,,"""DNA binding; nucleus; regulation of transcription, DNA-dependent; transcription coactivator activity; transcription, DNA-dependent""",IPR003173; IPR009044;,,KIWI At5g09250 T5E8_50,Arabidopsis thaliana (Mouse-ear cress),107,H4 Elevated
TR31325_c0_g1_i1,24.68,11.482,0,3.668,7.161,10.088,,,,,,,,,,,,,,h48 Elevated
TR31492_c0_g1_i3,0,0,0,5.973,8.368,0.011,,,,,,,,,,,,,,h16-24 Elevated
TR31510_c1_g1_i6,8.202,0.147,0.015,0,0,0,,,,,,,,,,,,,,Down all
TR31991_c1_g1_i4,0.185,0.032,13.184,1.62,5.773,0,,,,,,,,,,,,,,h16-24 Elevated
TR32216_c2_g1_i3,22.599,104.308,42.585,0,0.79,33.706,,,,,,,,,,,,,,H4 Elevated
TR32319_c2_g1_i2,0.228,86.863,16.565,10.34,20.055,606.119,,,,,,,,,,,,,,
TR32319_c2_g1_i4,0,0,2.622,0.059,0.089,37.828,,,,,,,,,,,,,,h48 Elevated
TR32591_c1_g2_i1,33.137,45.366,109.335,0,2.149,1.202,,,,,,,,,,,,,,H8 Elevated
TR32591_c2_g7_i3,0.135,96.288,126.862,62.2,127.967,322.005,,,,,,,,,,,,,,
TR32591_c2_g7_i4,0.045,15.725,86.853,0.472,1.232,31.695,,,,,,,,,,,,,,H8 Elevated
TR32890_c1_g2_i2,5.61,2.412,0,0,0.208,0.162,"""Serine/arginine-rich splicing factor 7 (Splicing factor 9G8) (Splicing factor, arginine/serine-rich 7)""",3.00E-33,Q16629,SRSF7_HUMAN,GO:0003723; GO:0031124; GO:0006406; GO:0000398; GO:0048025; GO:0005654; GO:0000166; GO:0006369; GO:0008270,Q9UBU9; Q7Z6E9; Q9JKL7; Q96SB4; P78362,,"""RNA binding; mRNA 3'-end processing; mRNA export from nucleus; mRNA splicing, via spliceosome; negative regulation of mRNA splicing, via spliceosome; nucleoplasm; nucleotide binding; termination of RNA polymerase II transcription; zinc ion binding""",IPR012677; IPR000504; IPR001878;,,SRSF7 SFRS7,Homo sapiens (Human),238,Down all
TR32890_c1_g2_i8,0,1.441,2.209,1.897,2.363,4.106,"""Serine/arginine-rich splicing factor 7 (Splicing factor 9G8) (Splicing factor, arginine/serine-rich 7)""",3.00E-33,Q16629,SRSF7_HUMAN,GO:0003723; GO:0031124; GO:0006406; GO:0000398; GO:0048025; GO:0005654; GO:0000166; GO:0006369; GO:0008270,Q9UBU9; Q7Z6E9; Q9JKL7; Q96SB4; P78362,,"""RNA binding; mRNA 3'-end processing; mRNA export from nucleus; mRNA splicing, via spliceosome; negative regulation of mRNA splicing, via spliceosome; nucleoplasm; nucleotide binding; termination of RNA polymerase II transcription; zinc ion binding""",IPR012677; IPR000504; IPR001878;,,SRSF7 SFRS7,Homo sapiens (Human),238,h16-24 Elevated
TR32958_c2_g1_i3,0,0,0.182,7.646,6.293,0,,,,,,,,,,,,,,h16-24 Elevated
TR33286_c7_g2_i9,0,5.975,7.264,0,4.962,7.858,D-galactoside-specific lectin (Sea urchin egg lectin) (SUEL),5.00E-11,P22031,LEG_HELCR,GO:0030246; GO:0005737,,,carbohydrate binding; cytoplasm,IPR000922;,,,Heliocidaris crassispina (Sea urchin) (Anthocidaris crassispina),105,
TR33761_c0_g2_i1,26.136,0.11,0.015,0,0,0,,,,,,,,,,,,,,Down all
TR34018_c2_g2_i5,115.509,48.543,0.868,0.03,0.023,22.01,,,,,,,,,,,,,,
TR34447_c0_g2_i6,5.267,0.065,0,0,0,0,,,,,,,,,,,,,,Down all
TR34746_c1_g2_i2,0,0.349,0,5.779,1.815,1.59,,,,,,,,,,,,,,h16-24 Elevated
TR34997_c1_g1_i4,0.117,0,3.032,18.672,3.382,2.841,Gelsolin-like protein 2 (Actin-modulator) (EWAM-P2),8.00E-142,Q8MPM1,GELS2_LUMTE,GO:0051693; GO:0005737; GO:0005856,,,actin filament capping; cytoplasm; cytoskeleton,IPR007123; IPR007122;,,gelsolin,Lumbricus terrestris (Common earthworm),366,h16-24 Elevated
TR35085_c0_g2_i2,7.047,0.81,5.353,27.614,5.387,0,Inhibin beta B chain (Activin beta-B chain),2.00E-14,P04088,INHBB_PIG,GO:0032924; GO:0032869; GO:0009267; GO:0005576; GO:0045444; GO:0040007; GO:0046882; GO:0048178; GO:0046676; GO:0048471; GO:0046881; GO:0060279; GO:0042803; GO:0009612,,,activin receptor signaling pathway; cellular response to insulin stimulus; cellular response to starvation; extracellular region; fat cell differentiation; growth; negative regulation of follicle-stimulating hormone secretion; negative regulation of hepatocyte growth factor biosynthetic process; negative regulation of insulin secretion; perinuclear region of cytoplasm; positive regulation of follicle-stimulating hormone secretion; positive regulation of ovulation; protein homodimerization activity; response to mechanical stimulus,IPR000381; IPR001839; IPR001111; IPR015615; IPR017948;,,INHBB,Sus scrofa (Pig),407,h16-24 Elevated
TR35215_c1_g1_i12,0,0,13.808,0.867,0.652,0.677,,,,,,,,,,,,,,H8 Elevated
TR35269_c2_g1_i2,0,4.439,0,23.718,32.526,0,,,,,,,,,,,,,,h16-24 Elevated
TR35269_c2_g1_i6,0.077,1.292,0,2.895,12.048,0.024,,,,,,,,,,,,,,h16-24 Elevated
TR35269_c2_g1_i7,1.683,3.44,0,16.745,1.96,5.336,,,,,,,,,,,,,,h16-24 Elevated
TR35546_c0_g1_i2,36.188,0.392,11.806,0,0,0,,,,,,,,,,,,,,Down all
TR35853_c1_g1_i4,0,20.857,0,1.539,8.899,3.172,,,,,,,,,,,,,,
TR35907_c0_g1_i1,0.223,0.431,0,13.963,1.177,0.914,Immunoglobulin superfamily DCC subclass member 4 (Neighbor of punc e11) (Protein DDM36) (hDDM36),3.00E-08,Q8TDY8,IGDC4_HUMAN,GO:0016021; GO:0005886,,,integral to membrane; plasma membrane,IPR003961; IPR007110; IPR013783; IPR013098; IPR003598;,,IGDCC4 DDM36 KIAA1628 NOPE,Homo sapiens (Human),1250,h16-24 Elevated
TR35981_c0_g1_i4,29.115,0.194,0,0,0.045,0.039,"""10 kDa heat shock protein, mitochondrial (Hsp10) (10 kDa chaperonin) (Chaperonin 10) (CPN10)""",9.00E-39,Q5DC69,CH10_SCHJA,GO:0005524; GO:0005759; GO:0006457,,,ATP binding; mitochondrial matrix; protein folding,IPR020818; IPR018369; IPR011032;,,SJCHGC01960 SJCHGC09469,Schistosoma japonicum (Blood fluke),102,Down all
TR35984_c0_g2_i1,82.018,0.846,0,0,0,10.2,,,,,,,,,,,,,,
TR36037_c2_g1_i5,1.416,3.661,0,8.435,4.767,0,Serine/threonine-protein kinase greatwall (GW) (GWL) (EC 2.7.11.1) (Microtubule-associated serine/threonine-protein kinase-like) (MAST-L),1.00E-08,B1WAR9,GWL_XENTR,GO:0005524; GO:0000086; GO:0051301; GO:0005813; GO:0032154; GO:0005737; GO:0007067; GO:0034048; GO:0005634; GO:0051721; GO:0004674; GO:0006974,,,ATP binding; G2/M transition of mitotic cell cycle; cell division; centrosome; cleavage furrow; cytoplasm; mitosis; negative regulation of protein phosphatase type 2A activity; nucleus; protein phosphatase 2A binding; protein serine/threonine kinase activity; response to DNA damage stimulus,IPR000961; IPR011009; IPR000719; IPR008271;,,mastl gw gwl,Xenopus tropicalis (Western clawed frog) (Silurana tropicalis),890,h16-24 Elevated
TR36072_c0_g1_i8,1.738,1.428,1.143,10.364,5.393,0,,,,,,,,,,,,,,h16-24 Elevated
TR36075_c1_g1_i2,0.06,0.116,0,1.863,0.269,0,Proteasome activator complex subunit 4 (Proteasome activator PA200) (Protein TEMO),0,Q5SSW2,PSME4_MOUSE,GO:0006281; GO:0005829; GO:0070577; GO:0007275; GO:0016607; GO:0005634; GO:0016504; GO:0010499; GO:0035093; GO:1990111,,,"""DNA repair; cytosol; histone acetyl-lysine binding; multicellular organismal development; nuclear speck; nucleus; peptidase activator activity; proteasomal ubiquitin-independent protein catabolic process; spermatogenesis, exchange of chromosomal proteins; spermatoproteasome complex""",IPR011989; IPR016024; IPR021843;,,Psme4 Kiaa0077,Mus musculus (Mouse),1843,h16-24 Elevated
TR36201_c4_g3_i11,0.045,26.974,0.816,0,0.058,0,,,,,,,,,,,,,,H4 Elevated
TR36201_c4_g3_i2,0,21.626,0.154,0,0,0,,,,,,,,,,,,,,H4 Elevated
TR36201_c4_g3_i9,0.015,21.569,0.59,0,0,0,,,,,,,,,,,,,,H4 Elevated
TR36226_c0_g2_i6,1.477,1.235,0,4.776,2.159,0.187,TAR DNA-binding protein 43 (TDP-43),3.00E-115,Q921F2,TADBP_MOUSE,GO:0070935; GO:0001205; GO:0008380; GO:0003690; GO:0003730; GO:0006397; GO:0043922; GO:0000166; GO:0005634,,,3'-UTR-mediated mRNA stabilization; RNA polymerase II distal enhancer sequence-specific DNA binding transcription factor activity involved in positive regulation of transcription; RNA splicing; double-stranded DNA binding; mRNA 3'-UTR binding; mRNA processing; negative regulation by host of viral transcription; nucleotide binding; nucleus,IPR012677; IPR000504;,,Tardbp Tdp43,Mus musculus (Mouse),414,h16-24 Elevated
TR36235_c1_g2_i7,1.084,0.194,0,2.684,0.777,0.156,Ras-related protein Rab-2-A,6.00E-42,P49103,RAB2A_MAIZE,GO:0005525; GO:0033116; GO:0015031; GO:0007264,,,GTP binding; endoplasmic reticulum-Golgi intermediate compartment membrane; protein transport; small GTPase mediated signal transduction,IPR027417; IPR005225; IPR001806; IPR003579;,,RAB2A,Zea mays (Maize),209,h16-24 Elevated
TR36275_c0_g1_i1,0,12.708,0,0,0.562,0,Asialoglycoprotein receptor 1 (ASGP-R 1) (ASGPR 1) (C-type lectin domain family 4 member H1) (Hepatic lectin H1) (HL-1),5.00E-17,P07306,ASGR1_HUMAN,GO:0004873; GO:0030246; GO:0031668; GO:0005576; GO:0005887; GO:0046872,Q96G23,,asialoglycoprotein receptor activity; carbohydrate binding; cellular response to extracellular stimulus; extracellular region; integral to plasma membrane; metal ion binding,IPR001304; IPR016186; IPR018378; IPR016187; IPR005640;,,ASGR1 CLEC4H1,Homo sapiens (Human),291,
TR36275_c0_g1_i3,0.036,0.06,23.227,0,0.081,0,Brevican core protein,2.00E-20,Q28062,PGCB_BOVIN,GO:0030246; GO:0007155; GO:0005540; GO:0005578,,,carbohydrate binding; cell adhesion; hyaluronic acid binding; proteinaceous extracellular matrix,IPR001304; IPR016186; IPR018378; IPR016187; IPR000742; IPR013032; IPR007110; IPR013783; IPR003006; IPR013106; IPR003596; IPR000538; IPR000436;,,BCAN,Bos taurus (Bovine),912,H8 Elevated
TR36295_c0_g1_i1,0,11.222,1.868,0.78,1.476,0,,,,,,,,,,,,,,
TR36295_c0_g1_i2,0,0.774,0,9.14,9.561,3.087,,,,,,,,,,,,,,h16-24 Elevated
TR36295_c0_g1_i3,35.131,0,12.286,26.083,0.277,6.688,,,,,,,,,,,,,,Down all
TR36449_c2_g1_i2,2.51,158.402,6.595,33.757,133.131,0,,,,,,,,,,,,,,
TR36503_c1_g2_i3,8.017,14.493,0.047,0,0.027,0.015,,,,,,,,,,,,,,H4 Elevated
TR36503_c1_g2_i6,934.147,7.865,2.184,0.165,1.188,6.411,L-rhamnose-binding lectin CSL3,2.00E-10,P86179,CSL3_ONCKE,GO:0030246,,,carbohydrate binding,IPR000922;,,,Oncorhynchus keta (Chum salmon) (Salmo keta),195,Down all
TR36593_c0_g1_i2,101.088,264.837,2.914,0.498,1.013,0.351,,,,,,,,,,,,,,H4 Elevated
TR36769_c2_g1_i4,0.923,0.638,0,4.775,0.706,0,Transmembrane emp24 domain-containing protein 10 (21 kDa transmembrane-trafficking protein) (S31III125) (S31I125) (Tmp-21-I) (Transmembrane protein Tmp21) (p23) (p24 family protein delta-1) (p24delta1) (p24delta),5.00E-86,P49755,TMEDA_HUMAN,GO:0048205; GO:0030137; GO:0048208; GO:0007030; GO:0034205; GO:0035459; GO:0005801; GO:0005783; GO:0005789; GO:0005793; GO:0033116; GO:0070765; GO:0016021; GO:0006886; GO:0001822; GO:0042470; GO:0051259; GO:0045055; GO:0001101; GO:0043279; GO:0006890; GO:0030140; GO:0030658; GO:0042589,Q92542; P49768; Q9NZ42; P17706-1; Q15363,,"""COPI coating of Golgi vesicle; COPI-coated vesicle; COPII vesicle coating; Golgi organization; beta-amyloid formation; cargo loading into vesicle; cis-Golgi network; endoplasmic reticulum; endoplasmic reticulum membrane; endoplasmic reticulum-Golgi intermediate compartment; endoplasmic reticulum-Golgi intermediate compartment membrane; gamma-secretase complex; integral to membrane; intracellular protein transport; kidney development; melanosome; protein oligomerization; regulated secretory pathway; response to acid; response to alkaloid; retrograde vesicle-mediated transport, Golgi to ER; trans-Golgi network transport vesicle; transport vesicle membrane; zymogen granule membrane""",IPR009038;,,TMED10 TMP21,Homo sapiens (Human),219,h16-24 Elevated
TR37028_c2_g1_i6,1.772,0.15,0,4.031,2.286,0.012,Proto-oncogene tyrosine-protein kinase Src (EC 2.7.10.2) (Proto-oncogene c-Src) (pp60c-src) (p60-Src),0,Q1JPZ3,SRC_DANRE,GO:0005524; GO:0007155; GO:0007049; GO:0005856; GO:0005743; GO:0004715; GO:0005634; GO:0018108; GO:0005886,,,ATP binding; cell adhesion; cell cycle; cytoskeleton; mitochondrial inner membrane; non-membrane spanning protein tyrosine kinase activity; nucleus; peptidyl-tyrosine phosphorylation; plasma membrane,IPR011009; IPR000719; IPR017441; IPR001245; IPR000980; IPR001452; IPR008266; IPR020635;,,src,Danio rerio (Zebrafish) (Brachydanio rerio),534,h16-24 Elevated
TR37035_c4_g1_i5,0,1.301,5.039,0,0.154,7.423,,,,,,,,,,,,,,
TR37458_c0_g1_i1,8.911,4.203,2.558,13.898,15.81,0,,,,,,,,,,,,,,h16-24 Elevated
TR37458_c0_g1_i6,0,0.95,0,7.006,9.796,3.707,,,,,,,,,,,,,,h16-24 Elevated
TR37547_c1_g1_i2,0,7.447,1.144,0.354,0.282,0.201,,,,,,,,,,,,,,
TR37637_c1_g2_i2,1.879,3.577,3.658,0,0.012,9.32,,,,,,,,,,,,,,H8 Elevated
TR37637_c1_g2_i5,0,0,4.254,0,0.129,0,,,,,,,,,,,,,,H8 Elevated
TR37707_c0_g2_i10,0,0.076,0.35,3.284,0.605,0,Dual specificity protein phosphatase CDC14B (EC 3.1.3.16) (EC 3.1.3.48) (CDC14 cell division cycle 14 homolog B),2.00E-161,Q6PFY9,CC14B_MOUSE,GO:0006281; GO:0031572; GO:0051488; GO:0031965; GO:0005730; GO:0005654; GO:0006470; GO:0004722; GO:0004725; GO:0008138,,,DNA repair; G2 DNA damage checkpoint; activation of anaphase-promoting complex activity; nuclear membrane; nucleolus; nucleoplasm; protein dephosphorylation; protein serine/threonine phosphatase activity; protein tyrosine phosphatase activity; protein tyrosine/serine/threonine phosphatase activity,IPR000340; IPR020422; IPR026068; IPR000387; IPR016130;,,Cdc14b,Mus musculus (Mouse),485,h16-24 Elevated
TR37707_c0_g2_i8,0,0,0,2.186,0.224,0,Dual specificity protein phosphatase CDC14A (EC 3.1.3.16) (EC 3.1.3.48) (CDC14 cell division cycle 14 homolog A),0,Q9UNH5,CC14A_HUMAN,GO:0007049; GO:0051301; GO:0008283; GO:0005813; GO:0005737; GO:0005634; GO:0035335; GO:0004721; GO:0004725; GO:0008138; GO:0005819,,,cell cycle; cell division; cell proliferation; centrosome; cytoplasm; nucleus; peptidyl-tyrosine dephosphorylation; phosphoprotein phosphatase activity; protein tyrosine phosphatase activity; protein tyrosine/serine/threonine phosphatase activity; spindle,IPR000340; IPR020422; IPR026068; IPR000387; IPR016130;,,CDC14A,Homo sapiens (Human),594,h16-24 Elevated
TR37849_c1_g2_i2,0,0.164,5.507,0,0,11.905,,,,,,,,,,,,,,
TR37880_c0_g1_i3,4.4,4.64,43.92,0.043,0.591,0.241,,,,,,,,,,,,,,H8 Elevated
TR37880_c0_g1_i5,0.38,0.488,0,2.486,36.602,0.192,,,,,,,,,,,,,,h16-24 Elevated
TR37904_c1_g1_i2,0.67,0.071,2.566,12.326,1.443,0,,,,,,,,,,,,,,h16-24 Elevated
TR37954_c1_g1_i1,0.158,122.354,0,0.148,0.309,0,,,,,,,,,,,,,,H4 Elevated
TR38156_c0_g4_i3,0,1.965,0,0,0,18.794,,,,,,,,,,,,,,h48 Elevated
TR38357_c0_g1_i8,0,7.409,5.085,0,0.198,5.811,Nascent polypeptide-associated complex subunit beta (NAC-beta) (Beta-NAC),5.00E-35,Q0ULD0,NACB_PHANO,GO:0005737; GO:0005634; GO:0015031; GO:0006355; GO:0006351,,,"""cytoplasm; nucleus; protein transport; regulation of transcription, DNA-dependent; transcription, DNA-dependent""",IPR002715;,,EGD1 SNOG_07434,Phaeosphaeria nodorum (strain SN15 / ATCC MYA-4574 / FGSC 10173) (Glume blotch fungus) (Septoria nodorum),160,H8 Elevated
TR38360_c0_g1_i3,0.182,340.716,222.9,9.063,121.468,269.783,,,,,,,,,,,,,,
TR38399_c2_g2_i3,0.252,0.027,9.819,0,0.077,7.234,,,,,,,,,,,,,,
TR38399_c2_g2_i5,2.199,0.273,5.922,0,0.497,14.482,,,,,,,,,,,,,,
TR38547_c0_g1_i2,2.112,0,0,8.762,1.311,0,,,,,,,,,,,,,,h16-24 Elevated
TR38572_c1_g1_i1,1.204,19.434,0.118,0,0.039,0,,,,,,,,,,,,,,H4 Elevated
TR38692_c5_g1_i11,3.104,1.03,1.781,17.287,1.654,0,,,,,,,,,,,,,,h16-24 Elevated
TR38692_c5_g1_i5,0.355,0.541,0,11.68,0.505,0,,,,,,,,,,,,,,h16-24 Elevated
TR38692_c5_g1_i8,0.256,2.383,0.268,51.325,13.317,0.03,,,,,,,,,,,,,,h16-24 Elevated
TR38816_c0_g1_i8,4.824,2.647,0,0.92,0.138,0.525,,,,,,,,,,,,,,Down all
TR38821_c0_g1_i3,1.056,0.114,0,7.692,5.686,0.007,Mitochondrial import inner membrane translocase subunit Tim23,2.00E-27,Q5XH94,TIM23_XENTR,GO:0015450; GO:0016021; GO:0006886; GO:0005744,,,P-P-bond-hydrolysis-driven protein transmembrane transporter activity; integral to membrane; intracellular protein transport; mitochondrial inner membrane presequence translocase complex,IPR003397; IPR005681;,,timm23 timm23b,Xenopus tropicalis (Western clawed frog) (Silurana tropicalis),209,h16-24 Elevated
TR38874_c0_g1_i2,6.323,1.818,0.011,0,0,2.328,,,,,,,,,,,,,,Down all
TR38906_c1_g1_i2,0,0,0.585,5.275,0.308,0,,,,,,,,,,,,,,h16-24 Elevated
TR39005_c0_g3_i2,0.916,0.195,0,2.624,0.995,0,,,,,,,,,,,,,,h16-24 Elevated
TR39073_c2_g2_i8,0,0,3.905,0,0,0,,,,,,,,,,,,,,H8 Elevated
TR39118_c1_g1_i10,0,0,0,3.05,0.918,0,LIM domain-binding protein 2 (LDB-2) (Carboxyl-terminal LIM domain-binding protein 1) (CLIM-1) (LIM domain-binding factor CLIM1),2.00E-163,O43679,LDB2_HUMAN,GO:0030274; GO:0010669; GO:0001942; GO:0005634; GO:0044089; GO:0045944; GO:0035019; GO:0003712; GO:0005667,,,LIM domain binding; epithelial structure maintenance; hair follicle development; nucleus; positive regulation of cellular component biogenesis; positive regulation of transcription from RNA polymerase II promoter; somatic stem cell maintenance; transcription cofactor activity; transcription factor complex,IPR002691;,,LDB2 CLIM1,Homo sapiens (Human),373,h16-24 Elevated
TR39139_c4_g2_i1,0,0.5,0,4.661,0.63,0,Vinculin,0,O46037,VINC_DROME,GO:0003779; GO:0015629; GO:0007155; GO:0005737; GO:0007016; GO:0005925; GO:0048812; GO:0006909; GO:0005886; GO:0005198,,,actin binding; actin cytoskeleton; cell adhesion; cytoplasm; cytoskeletal anchoring at plasma membrane; focal adhesion; neuron projection morphogenesis; phagocytosis; plasma membrane; structural molecule activity,IPR017997; IPR006077; IPR000633;,,Vinc CG3299,Drosophila melanogaster (Fruit fly),961,h16-24 Elevated
TR39139_c4_g2_i2,0.878,0.093,0.929,4.763,0.843,0,Vinculin,0,O46037,VINC_DROME,GO:0003779; GO:0015629; GO:0007155; GO:0005737; GO:0007016; GO:0005925; GO:0048812; GO:0006909; GO:0005886; GO:0005198,,,actin binding; actin cytoskeleton; cell adhesion; cytoplasm; cytoskeletal anchoring at plasma membrane; focal adhesion; neuron projection morphogenesis; phagocytosis; plasma membrane; structural molecule activity,IPR017997; IPR006077; IPR000633;,,Vinc CG3299,Drosophila melanogaster (Fruit fly),961,h16-24 Elevated
TR39219_c2_g1_i2,0,0.041,28.096,0.023,1.62,0,,,,,,,,,,,,,,H8 Elevated
TR39297_c3_g1_i5,1.778,0.322,0,1.78,0.357,0,Protein let-418 (Lethal protein 418),0,G5EBZ4,LE418_CAEEL,GO:0005524; GO:0008026; GO:0003677; GO:0016581; GO:0048557; GO:0000122; GO:0040027; GO:0008270,Q21502,,ATP binding; ATP-dependent helicase activity; DNA binding; NuRD complex; embryonic digestive tract morphogenesis; negative regulation of transcription from RNA polymerase II promoter; negative regulation of vulval development; zinc ion binding,IPR012957; IPR012958; IPR023780; IPR000953; IPR016197; IPR002464; IPR009462; IPR009463; IPR014001; IPR001650; IPR027417; IPR000330; IPR019786; IPR011011; IPR001965; IPR019787; IPR001841; IPR013083;,,let-418 evl-11 F26F12.7,Caenorhabditis elegans,1829,h48 Elevated
TR39321_c0_g1_i1,6.821,4.546,14.743,0,0,0,"""Aspartate aminotransferase, mitochondrial (mAspAT) (EC 2.6.1.1) (EC 2.6.1.7) (Fatty acid-binding protein) (FABP-1) (Glutamate oxaloacetate transaminase 2) (Kynurenine aminotransferase 4) (Kynurenine aminotransferase IV) (Kynurenine--oxoglutarate transaminase 4) (Kynurenine--oxoglutarate transaminase IV) (Plasma membrane-associated fatty acid-binding protein) (FABPpm) (Transaminase A)""",0,P05202,AATM_MOUSE,GO:0004069; GO:0080130; GO:0006532; GO:0006533; GO:0015908; GO:0019551; GO:0019550; GO:0016212; GO:0005743; GO:0005759; GO:0006107; GO:0005886; GO:0030170; GO:0045471,,,L-aspartate:2-oxoglutarate aminotransferase activity; L-phenylalanine:2-oxoglutarate aminotransferase activity; aspartate biosynthetic process; aspartate catabolic process; fatty acid transport; glutamate catabolic process to 2-oxoglutarate; glutamate catabolic process to aspartate; kynurenine-oxoglutarate transaminase activity; mitochondrial inner membrane; mitochondrial matrix; oxaloacetate metabolic process; plasma membrane; pyridoxal phosphate binding; response to ethanol,IPR004839; IPR000796; IPR004838; IPR015424; IPR015421;,,Got2 Got-2,Mus musculus (Mouse),430,H8 Elevated
TR39321_c0_g1_i4,5.453,0.059,0,23.811,31.181,2.859,,,,,,,,,,,,,,h16-24 Elevated
TR39321_c0_g1_i6,0,18.711,0,23.972,17.182,0.415,"""Aspartate aminotransferase, mitochondrial (mAspAT) (EC 2.6.1.1) (EC 2.6.1.7) (Fatty acid-binding protein) (FABP-1) (Glutamate oxaloacetate transaminase 2) (Kynurenine aminotransferase 4) (Kynurenine aminotransferase IV) (Kynurenine--oxoglutarate transaminase 4) (Kynurenine--oxoglutarate transaminase IV) (Plasma membrane-associated fatty acid-binding protein) (FABPpm) (Transaminase A)""",0,P05202,AATM_MOUSE,GO:0004069; GO:0080130; GO:0006532; GO:0006533; GO:0015908; GO:0019551; GO:0019550; GO:0016212; GO:0005743; GO:0005759; GO:0006107; GO:0005886; GO:0030170; GO:0045471,,,L-aspartate:2-oxoglutarate aminotransferase activity; L-phenylalanine:2-oxoglutarate aminotransferase activity; aspartate biosynthetic process; aspartate catabolic process; fatty acid transport; glutamate catabolic process to 2-oxoglutarate; glutamate catabolic process to aspartate; kynurenine-oxoglutarate transaminase activity; mitochondrial inner membrane; mitochondrial matrix; oxaloacetate metabolic process; plasma membrane; pyridoxal phosphate binding; response to ethanol,IPR004839; IPR000796; IPR004838; IPR015424; IPR015421;,,Got2 Got-2,Mus musculus (Mouse),430,
TR39394_c3_g2_i3,7.767,4.872,2.648,26.441,4.38,0,Severin,4.00E-98,Q24800,SEVE_ECHGR,GO:0051693,,,actin filament capping,IPR007123; IPR007122;,,AG8,Echinococcus granulosus,374,h16-24 Elevated
TR39465_c1_g1_i4,1.136,0.291,0,4.141,1.277,0,Fatty acyl-CoA reductase 8 (EC 1.2.1.n2),3.00E-44,Q1PEI6,FACR8_ARATH,GO:0080019; GO:0006629,,,fatty-acyl-CoA reductase (alcohol-forming) activity; lipid metabolic process,IPR026055; IPR013120; IPR016040;,,FAR8 At3g44560 F14L2.110,Arabidopsis thaliana (Mouse-ear cress),496,h16-24 Elevated
TR39495_c0_g1_i7,0.363,0,0,2.983,0.509,0.266,Thioredoxin domain-containing protein 12 (EC 1.8.4.2),1.00E-36,Q5E936,TXD12_BOVIN,GO:0045454; GO:0005788; GO:0019153,,,cell redox homeostasis; endoplasmic reticulum lumen; protein-disulfide reductase (glutathione) activity,IPR012336; IPR017937;,,TXNDC12,Bos taurus (Bovine),172,h16-24 Elevated
TR39504_c0_g1_i4,0,0,13.741,2.27,5.235,0,Thioredoxin domain-containing protein 11,3.00E-06,Q8K2W3,TXD11_MOUSE,GO:0045454; GO:0005789; GO:0016021,,,cell redox homeostasis; endoplasmic reticulum membrane; integral to membrane,IPR012336; IPR013766;,,Txndc11,Mus musculus (Mouse),948,h16-24 Elevated
TR39524_c1_g1_i3,0,2.154,4.169,2.877,90.94,0.335,,,,,,,,,,,,,,h16-24 Elevated
TR39528_c0_g1_i2,2.95,2.179,3.244,12.31,3.184,0,,,,,,,,,,,,,,h16-24 Elevated
TR39565_c4_g1_i2,0,0,0,7.119,2.192,0,,,,,,,,,,,,,,h16-24 Elevated
TR39565_c4_g1_i5,0,0.05,0.312,7.011,1.516,0.153,,,,,,,,,,,,,,h16-24 Elevated
TR39573_c1_g1_i4,20.754,0,0,0.091,0,65.789,,,,,,,,,,,,,,
TR39728_c2_g1_i4,0,0,0,0.587,10.157,0,,,,,,,,,,,,,,h16-24 Elevated
TR39780_c5_g1_i1,13.839,0.237,0,0,0,0,,,,,,,,,,,,,,Down all
TR39780_c5_g1_i4,56.231,73.564,2.904,0.127,1.323,4.019,,,,,,,,,,,,,,H4 Elevated
TR39780_c5_g1_i5,23.773,2.381,32.033,0,0.313,0,,,,,,,,,,,,,,Down all
TR39783_c3_g1_i2,0,1.825,4.193,28.378,9.049,0,,,,,,,,,,,,,,h16-24 Elevated
TR39783_c3_g1_i5,4.938,0,0,21.582,5.343,0,,,,,,,,,,,,,,h16-24 Elevated
TR39791_c2_g1_i5,19.267,8.131,0.009,0.589,0.934,4.982,,,,,,,,,,,,,,Down all
TR39791_c2_g1_i8,9.938,0.046,0.273,0,0,0,,,,,,,,,,,,,,Down all
TR39900_c1_g3_i1,7.51,34.772,65.132,0,0.477,0.382,Cerebellin-2,3.00E-09,Q8IUK8,CBLN2_HUMAN,GO:0005615; GO:0051965,,,extracellular space; positive regulation of synapse assembly,IPR001073; IPR008983;,,CBLN2 UNQ1892/PRO4338,Homo sapiens (Human),224,H8 Elevated
TR39900_c1_g4_i1,0,0.118,0,10.478,4.212,0,Collagen alpha-1(VIII) chain [Cleaved into: Vastatin],2.00E-07,Q00780,CO8A1_MOUSE,GO:0001525; GO:0005604; GO:0048593; GO:0007155; GO:0005581; GO:0050673; GO:0010811,,,angiogenesis; basement membrane; camera-type eye morphogenesis; cell adhesion; collagen; epithelial cell proliferation; positive regulation of cell-substrate adhesion,IPR001073; IPR008160; IPR008983;,,Col8a1,Mus musculus (Mouse),744,h16-24 Elevated
TR40033_c0_g1_i1,13.906,0.502,9.753,0,0,0.74,,,,,,,,,,,,,,Down all
TR40033_c0_g1_i5,12.615,0,10.058,0.404,10.351,0.244,,,,,,,,,,,,,,Down all
TR40140_c2_g1_i1,1.235,0.536,0.618,14.558,2.331,0,,,,,,,,,,,,,,h16-24 Elevated
TR40381_c2_g3_i3,0.766,0.079,1.965,0,0,0.234,,,,,,,,,,,,,,H8 Elevated
TR40381_c2_g3_i5,2.187,6.626,12.999,0,0.522,12.169,,,,,,,,,,,,,,H8 Elevated
TR40427_c3_g3_i12,3,1.453,2.931,0,0,0.296,LIM domain-containing protein pin-2,4.00E-65,Q19157,PIN2_CAEEL,GO:0005737; GO:0005634; GO:0043196; GO:0008270,,,cytoplasm; nucleus; varicosity; zinc ion binding,IPR017351; IPR001781;,,pin-2 F07C6.1,Caenorhabditis elegans,330,Down all
TR40427_c3_g3_i4,19.051,6.928,0,14.305,18.227,7.539,LIM domain-containing protein pin-2,4.00E-65,Q19157,PIN2_CAEEL,GO:0005737; GO:0005634; GO:0043196; GO:0008270,,,cytoplasm; nucleus; varicosity; zinc ion binding,IPR017351; IPR001781;,,pin-2 F07C6.1,Caenorhabditis elegans,330,h48 Elevated
TR40503_c1_g1_i2,0.37,0.209,0.356,3.004,0.896,0,Protein patched homolog 1 (PTC) (PTC1),4.00E-30,Q90693,PTC1_CHICK,GO:0008158; GO:0005887; GO:0007224,,,hedgehog receptor activity; integral to plasma membrane; smoothened signaling pathway,IPR003392; IPR000731; IPR004766;,,PTCH1 PTC PTCH,Gallus gallus (Chicken),1442,h16-24 Elevated
TR40537_c1_g1_i6,3.418,3.307,0,5.007,1.481,0.522,,,,,,,,,,,,,,h48 Elevated
TR40732_c1_g2_i1,0,0.339,3.116,0,0,0.005,Hemicentin-2,7.00E-58,A2AJ76,HMCN2_MOUSE,GO:0005604; GO:0005509; GO:0005938; GO:0030054; GO:0050896,,,basement membrane; calcium ion binding; cell cortex; cell junction; response to stimulus,IPR026823; IPR000742; IPR001881; IPR013032; IPR000152; IPR018097; IPR006605; IPR009017; IPR023413; IPR009030; IPR007110; IPR013783; IPR013098; IPR003599; IPR003598; IPR002035;,,Hmcn2,Mus musculus (Mouse),5100,H8 Elevated
TR40732_c1_g2_i2,0.42,0,0.008,2.841,14.945,0,Hemicentin-2,7.00E-58,A2AJ76,HMCN2_MOUSE,GO:0005604; GO:0005509; GO:0005938; GO:0030054; GO:0050896,,,basement membrane; calcium ion binding; cell cortex; cell junction; response to stimulus,IPR026823; IPR000742; IPR001881; IPR013032; IPR000152; IPR018097; IPR006605; IPR009017; IPR023413; IPR009030; IPR007110; IPR013783; IPR013098; IPR003599; IPR003598; IPR002035;,,Hmcn2,Mus musculus (Mouse),5100,h16-24 Elevated
TR40734_c0_g1_i1,8.893,0.484,0,4.308,5.267,0,,,,,,,,,,,,,,
TR40847_c0_g1_i1,9.855,0.063,2.478,0,0,1.785,,,,,,,,,,,,,,Down all
TR40905_c2_g2_i3,0,0.719,0,4.713,0.653,0,Tetraspanin-5 (Tspan-5),5.00E-20,Q17QJ5,TSN5_BOVIN,GO:0016021,,,integral to membrane,IPR000301; IPR018499; IPR018503; IPR008952;,,TSPAN5,Bos taurus (Bovine),268,h16-24 Elevated
TR40920_c0_g1_i7,7.623,0,3.072,0,0,1.902,,,,,,,,,,,,,,Down all
TR40986_c1_g1_i12,0,0.456,1.114,6.432,0.873,0,,,,,,,,,,,,,,h16-24 Elevated
TR40986_c1_g1_i14,0.109,0.224,0,6.182,0.242,0,PDZ and LIM domain protein 4 (LIM protein RIL) (Reversion-induced LIM protein),1.00E-13,Q9PW72,PDLI4_CHICK,GO:0008270,,,zinc ion binding,IPR001478; IPR001781;,,PDLIM4 RIL,Gallus gallus (Chicken),330,h16-24 Elevated
TR40986_c1_g1_i2,0.927,0,0,7.696,0.479,0,PDZ and LIM domain protein Zasp (Z band alternatively spliced PDZ-motif protein),3.00E-67,A1ZA47,ZASP_DROME,GO:0030018; GO:0015629; GO:0051371; GO:0005927; GO:0030239; GO:0001952; GO:0008270,,,Z disc; actin cytoskeleton; muscle alpha-actinin binding; muscle tendon junction; myofibril assembly; regulation of cell-matrix adhesion; zinc ion binding,IPR001478; IPR006643; IPR001781;,,Zasp52 Zasp CG30084,Drosophila melanogaster (Fruit fly),2194,h16-24 Elevated
TR40986_c1_g1_i9,0,0.385,0,5.24,0.624,0.265,PDZ and LIM domain protein 4 (LIM protein RIL) (Reversion-induced LIM protein),1.00E-13,Q9PW72,PDLI4_CHICK,GO:0008270,,,zinc ion binding,IPR001478; IPR001781;,,PDLIM4 RIL,Gallus gallus (Chicken),330,h16-24 Elevated
TR40986_c1_g2_i1,2.267,1.406,4.596,11.594,6.286,0,,,,,,,,,,,,,,h16-24 Elevated
TR41155_c0_g1_i1,2.667,2.889,0,3.62,2.25,2.001,,,,,,,,,,,,,,h48 Elevated
TR41198_c1_g2_i11,1.27,0.112,0.032,2.426,0.891,0,,,,,,,,,,,,,,h16-24 Elevated
TR41198_c1_g2_i2,2.357,0.8,0,0.944,0.393,1.228,Monocarboxylate transporter 14 (MCT 14) (Solute carrier family 16 member 14),6.00E-29,Q7RTX9,MOT14_HUMAN,GO:0016021; GO:0005886; GO:0015293,,,integral to membrane; plasma membrane; symporter activity,IPR011701; IPR020846; IPR016196;,,SLC16A14 MCT14,Homo sapiens (Human),510,Down all
TR41198_c1_g2_i4,0,0,0.399,7.21,0.875,0.002,Monocarboxylate transporter 14 (MCT 14) (Solute carrier family 16 member 14),6.00E-29,Q7RTX9,MOT14_HUMAN,GO:0016021; GO:0005886; GO:0015293,,,integral to membrane; plasma membrane; symporter activity,IPR011701; IPR020846; IPR016196;,,SLC16A14 MCT14,Homo sapiens (Human),510,h16-24 Elevated
TR41198_c1_g2_i9,0,0,0.237,4.871,0.548,0.012,,,,,,,,,,,,,,h16-24 Elevated
TR41216_c0_g1_i7,2.806,1.958,2.176,21.789,8.333,0,,,,,,,,,,,,,,h16-24 Elevated
TR41238_c1_g1_i7,1.699,1.931,0.405,4.067,2.861,0,Pre-B-cell leukemia transcription factor 1 (Homeobox protein PBX1),7.00E-148,P41778,PBX1_MOUSE,GO:0001077; GO:0030325; GO:0009952; GO:0001658; GO:0005737; GO:0035162; GO:0030326; GO:0048706; GO:0045665; GO:0043433; GO:0005634; GO:0009887; GO:0010971; GO:0008284; GO:0009954; GO:0030278; GO:0043565; GO:0007548; GO:0048536; GO:0006694; GO:0048538; GO:0005667,,,RNA polymerase II core promoter proximal region sequence-specific DNA binding transcription factor activity involved in positive regulation of transcription; adrenal gland development; anterior/posterior pattern specification; branching involved in ureteric bud morphogenesis; cytoplasm; embryonic hemopoiesis; embryonic limb morphogenesis; embryonic skeletal system development; negative regulation of neuron differentiation; negative regulation of sequence-specific DNA binding transcription factor activity; nucleus; organ morphogenesis; positive regulation of G2/M transition of mitotic cell cycle; positive regulation of cell proliferation; proximal/distal pattern formation; regulation of ossification; sequence-specific DNA binding; sex differentiation; spleen development; steroid biosynthetic process; thymus development; transcription factor complex,IPR017970; IPR001356; IPR009057; IPR005542;,,Pbx1 Pbx-1,Mus musculus (Mouse),430,h16-24 Elevated
TR41280_c0_g1_i7,8.333,2.471,0,1.039,6.007,2.365,,,,,,,,,,,,,,h48 Elevated
TR41392_c0_g2_i2,5.355,1.04,0,0,0,0.42,Histone-binding protein RBBP7 (Retinoblastoma-binding protein 7) (RBBP-7),0,Q7ZTY4,RBBP7_DANRE,GO:0006260; GO:0035098; GO:0016568; GO:0006355; GO:0006351,,,"""DNA replication; ESC/E(Z) complex; chromatin modification; regulation of transcription, DNA-dependent; transcription, DNA-dependent""",IPR020472; IPR022052; IPR015943; IPR001680; IPR019775; IPR017986;,,rbbp7 rbb4l,Danio rerio (Zebrafish) (Brachydanio rerio),426,Down all
TR41394_c0_g1_i2,0.005,0.136,0.186,3.097,36.13,0.028,Zinc metalloproteinase nas-8 (EC 3.4.24.21) (Nematode astacin 8),4.00E-27,Q18439,NAS8_CAEEL,GO:0005576; GO:0004222; GO:0006508; GO:0008270,,,extracellular region; metalloendopeptidase activity; proteolysis; zinc ion binding,IPR024079; IPR001506; IPR017367; IPR006026; IPR003582;,,nas-8 C34D4.9,Caenorhabditis elegans,403,h16-24 Elevated
TR41402_c1_g4_i2,0,0,0,8.341,0.466,0,Neuroplastin (Stromal cell-derived receptor 1) (SDR-1),1.00E-06,P97300,NPTN_MOUSE,GO:0050839; GO:0007204; GO:0007156; GO:0016021; GO:0060291; GO:0045743; GO:0048170; GO:0010976; GO:0001934; GO:0042734; GO:0005105,,,cell adhesion molecule binding; elevation of cytosolic calcium ion concentration; homophilic cell adhesion; integral to membrane; long-term synaptic potentiation; positive regulation of fibroblast growth factor receptor signaling pathway; positive regulation of long-term neuronal synaptic plasticity; positive regulation of neuron projection development; positive regulation of protein phosphorylation; presynaptic membrane; type 1 fibroblast growth factor receptor binding,IPR007110; IPR013783; IPR013098; IPR003599; IPR003598; IPR027112;,,Nptn Sdfr1 Sdr1,Mus musculus (Mouse),397,h16-24 Elevated
TR41435_c3_g1_i4,0.011,0.084,30.167,5.539,4.524,0.269,,,,,,,,,,,,,,h16-24 Elevated
TR41435_c3_g1_i8,0,15.813,39.185,59.75,28.273,0.198,"""Alpha-actinin, sarcomeric (F-actin cross-linking protein)""",0,P18091,ACTN_DROME,GO:0030018; GO:0003779; GO:0031532; GO:0005509; GO:0007016; GO:0007629; GO:0005925; GO:0045214,,,Z disc; actin binding; actin cytoskeleton reorganization; calcium ion binding; cytoskeletal anchoring at plasma membrane; flight behavior; focal adhesion; sarcomere organization,IPR001589; IPR001715; IPR011992; IPR014837; IPR018247; IPR002048; IPR018159; IPR002017;,,Actn fliA l(1)2Cb CG4376,Drosophila melanogaster (Fruit fly),924,
TR41441_c0_g1_i7,0,0.104,0.228,24.656,3.753,0.231,,,,,,,,,,,,,,h16-24 Elevated
TR41472_c0_g1_i10,0,0,0,3.595,0.476,0,Insulin-like growth factor 2 mRNA-binding protein 2 (IGF2 mRNA-binding protein 2) (IMP-2) (IGF-II mRNA-binding protein 2) (VICKZ family member 2),7.00E-56,Q5SF07,IF2B2_MOUSE,GO:0005737; GO:0005856; GO:0003730; GO:0048027; GO:0051028; GO:0000166; GO:0005634; GO:0006417,,,cytoplasm; cytoskeleton; mRNA 3'-UTR binding; mRNA 5'-UTR binding; mRNA transport; nucleotide binding; nucleus; regulation of translation,IPR004087; IPR004088; IPR012677; IPR000504;,,Igf2bp2 Imp2 Vickz2,Mus musculus (Mouse),592,h16-24 Elevated
TR41472_c0_g1_i15,1.144,0,0.479,6.39,3.201,0,Insulin-like growth factor 2 mRNA-binding protein 2 (IGF2 mRNA-binding protein 2) (IMP-2) (IGF-II mRNA-binding protein 2) (VICKZ family member 2),7.00E-56,Q5SF07,IF2B2_MOUSE,GO:0005737; GO:0005856; GO:0003730; GO:0048027; GO:0051028; GO:0000166; GO:0005634; GO:0006417,,,cytoplasm; cytoskeleton; mRNA 3'-UTR binding; mRNA 5'-UTR binding; mRNA transport; nucleotide binding; nucleus; regulation of translation,IPR004087; IPR004088; IPR012677; IPR000504;,,Igf2bp2 Imp2 Vickz2,Mus musculus (Mouse),592,h16-24 Elevated
TR41472_c0_g1_i18,0.167,0.816,1.146,0,0,0,Insulin-like growth factor 2 mRNA-binding protein 2 (IGF2 mRNA-binding protein 2) (IMP-2) (IGF-II mRNA-binding protein 2) (VICKZ family member 2),7.00E-56,Q5SF07,IF2B2_MOUSE,GO:0005737; GO:0005856; GO:0003730; GO:0048027; GO:0051028; GO:0000166; GO:0005634; GO:0006417,,,cytoplasm; cytoskeleton; mRNA 3'-UTR binding; mRNA 5'-UTR binding; mRNA transport; nucleotide binding; nucleus; regulation of translation,IPR004087; IPR004088; IPR012677; IPR000504;,,Igf2bp2 Imp2 Vickz2,Mus musculus (Mouse),592,H8 Elevated
TR41472_c0_g1_i3,0.005,0,0,2.136,1.784,0,Insulin-like growth factor 2 mRNA-binding protein 2 (IGF2 mRNA-binding protein 2) (IMP-2) (IGF-II mRNA-binding protein 2) (VICKZ family member 2),7.00E-56,Q5SF07,IF2B2_MOUSE,GO:0005737; GO:0005856; GO:0003730; GO:0048027; GO:0051028; GO:0000166; GO:0005634; GO:0006417,,,cytoplasm; cytoskeleton; mRNA 3'-UTR binding; mRNA 5'-UTR binding; mRNA transport; nucleotide binding; nucleus; regulation of translation,IPR004087; IPR004088; IPR012677; IPR000504;,,Igf2bp2 Imp2 Vickz2,Mus musculus (Mouse),592,h16-24 Elevated
TR41510_c2_g1_i9,0,1.379,0.599,14.032,5.747,0.43,Hsp90 co-chaperone Cdc37 (Hsp90 chaperone protein kinase-targeting subunit) (p50Cdc37),3.00E-122,Q9DGQ7,CDC37_TETFL,GO:0005737,,,cytoplasm,IPR004918; IPR013873; IPR013874; IPR013855;,,cdc37,Tetraodon fluviatilis (Green pufferfish) (Chelonodon fluviatilis),377,h16-24 Elevated
TR41591_c2_g1_i4,0.244,0.618,0,6.355,3.119,0.061,Hepatocyte nuclear factor 4-alpha (HNF-4-alpha) (Nuclear receptor subfamily 2 group A member 1) (Transcription factor 14) (TCF-14) (Transcription factor HNF-4),5.00E-176,P41235,HNF4A_HUMAN,GO:0001102; GO:0001077; GO:0003705; GO:0060395; GO:0007596; GO:0005737; GO:0031018; GO:0005504; GO:0042593; GO:0030522; GO:0004879; GO:0006629; GO:0030308; GO:0008285; GO:0005654; GO:0006591; GO:0055091; GO:2000189; GO:0042803; GO:0005102; GO:0010470; GO:0060398; GO:0050796; GO:0019216; GO:0009749; GO:0043565; GO:0007548; GO:0023019; GO:0003707; GO:0006367; GO:0044212; GO:0070328; GO:0006805; GO:0008270,Q99967; A8MYZ6,,RNA polymerase II activating transcription factor binding; RNA polymerase II core promoter proximal region sequence-specific DNA binding transcription factor activity involved in positive regulation of transcription; RNA polymerase II distal enhancer sequence-specific DNA binding transcription factor activity; SMAD protein signal transduction; blood coagulation; cytoplasm; endocrine pancreas development; fatty acid binding; glucose homeostasis; intracellular receptor signaling pathway; ligand-activated sequence-specific DNA binding RNA polymerase II transcription factor activity; lipid metabolic process; negative regulation of cell growth; negative regulation of cell proliferation; nucleoplasm; ornithine metabolic process; phospholipid homeostasis; positive regulation of cholesterol homeostasis; protein homodimerization activity; receptor binding; regulation of gastrulation; regulation of growth hormone receptor signaling pathway; regulation of insulin secretion; regulation of lipid metabolic process; response to glucose stimulus; sequence-specific DNA binding; sex differentiation; signal transduction involved in regulation of gene expression; steroid hormone receptor activity; transcription initiation from RNA polymerase II promoter; transcription regulatory region DNA binding; triglyceride homeostasis; xenobiotic metabolic process; zinc ion binding,IPR003068; IPR008946; IPR000536; IPR001723; IPR001628; IPR013088;,,HNF4A HNF4 NR2A1 TCF14,Homo sapiens (Human),474,h16-24 Elevated
TR41728_c3_g1_i3,0.396,0,0.115,10.9,0.516,0,Tensin-3 (Tensin-like SH2 domain-containing protein 1),2.00E-107,Q5SSZ5,TENS3_MOUSE,GO:0016477; GO:0005925; GO:0048286; GO:0008284,,,cell migration; focal adhesion; lung alveolus development; positive regulation of cell proliferation,IPR000008; IPR011993; IPR014019; IPR013625; IPR006020; IPR000980; IPR014020;,,Tns3 Tens1,Mus musculus (Mouse),1440,h16-24 Elevated
TR41739_c1_g2_i13,2.6,0.88,2.984,9.733,1.733,0,cAMP-dependent protein kinase catalytic subunit (PKA C) (EC 2.7.11.11),0,P12370,KAPC_DROME,GO:0005524; GO:0007615; GO:0007448; GO:0048149; GO:0004691; GO:0005952; GO:0019933; GO:0048749; GO:0007480; GO:0007476; GO:0045475; GO:0045879; GO:0008355; GO:0007314; GO:0008103; GO:0005886; GO:0007228; GO:0008359; GO:0045187; GO:0007317; GO:0050804; GO:0040040,Q9VT65; Q03720,,"""ATP binding; anesthesia-resistant memory; anterior/posterior pattern specification, imaginal disc; behavioral response to ethanol; cAMP-dependent protein kinase activity; cAMP-dependent protein kinase complex; cAMP-mediated signaling; compound eye development; imaginal disc-derived leg morphogenesis; imaginal disc-derived wing morphogenesis; locomotor rhythm; negative regulation of smoothened signaling pathway; olfactory learning; oocyte anterior/posterior axis specification; oocyte microtubule cytoskeleton polarization; plasma membrane; positive regulation of hh target transcription factor activity; regulation of bicoid mRNA localization; regulation of circadian sleep/wake cycle, sleep; regulation of pole plasm oskar mRNA localization; regulation of synaptic transmission; thermosensory behavior""",IPR000961; IPR011009; IPR000719; IPR017441; IPR002290; IPR008271;,,Pka-C1 CdkA DC0 CG4379,Drosophila melanogaster (Fruit fly),353,h16-24 Elevated
TR41739_c1_g2_i14,0.142,0,5.611,0,0.309,0,,,,,,,,,,,,,,H8 Elevated
TR41739_c1_g2_i16,1.87,0.496,1.753,0,0,0.423,cAMP-dependent protein kinase catalytic subunit (PKA C) (EC 2.7.11.11),0,P12370,KAPC_DROME,GO:0005524; GO:0007615; GO:0007448; GO:0048149; GO:0004691; GO:0005952; GO:0019933; GO:0048749; GO:0007480; GO:0007476; GO:0045475; GO:0045879; GO:0008355; GO:0007314; GO:0008103; GO:0005886; GO:0007228; GO:0008359; GO:0045187; GO:0007317; GO:0050804; GO:0040040,Q9VT65; Q03720,,"""ATP binding; anesthesia-resistant memory; anterior/posterior pattern specification, imaginal disc; behavioral response to ethanol; cAMP-dependent protein kinase activity; cAMP-dependent protein kinase complex; cAMP-mediated signaling; compound eye development; imaginal disc-derived leg morphogenesis; imaginal disc-derived wing morphogenesis; locomotor rhythm; negative regulation of smoothened signaling pathway; olfactory learning; oocyte anterior/posterior axis specification; oocyte microtubule cytoskeleton polarization; plasma membrane; positive regulation of hh target transcription factor activity; regulation of bicoid mRNA localization; regulation of circadian sleep/wake cycle, sleep; regulation of pole plasm oskar mRNA localization; regulation of synaptic transmission; thermosensory behavior""",IPR000961; IPR011009; IPR000719; IPR017441; IPR002290; IPR008271;,,Pka-C1 CdkA DC0 CG4379,Drosophila melanogaster (Fruit fly),353,H8 Elevated
TR41739_c1_g2_i2,0.018,0.385,0,5.053,0.281,0,cAMP-dependent protein kinase catalytic subunit (PKA C) (EC 2.7.11.11),0,P12370,KAPC_DROME,GO:0005524; GO:0007615; GO:0007448; GO:0048149; GO:0004691; GO:0005952; GO:0019933; GO:0048749; GO:0007480; GO:0007476; GO:0045475; GO:0045879; GO:0008355; GO:0007314; GO:0008103; GO:0005886; GO:0007228; GO:0008359; GO:0045187; GO:0007317; GO:0050804; GO:0040040,Q9VT65; Q03720,,"""ATP binding; anesthesia-resistant memory; anterior/posterior pattern specification, imaginal disc; behavioral response to ethanol; cAMP-dependent protein kinase activity; cAMP-dependent protein kinase complex; cAMP-mediated signaling; compound eye development; imaginal disc-derived leg morphogenesis; imaginal disc-derived wing morphogenesis; locomotor rhythm; negative regulation of smoothened signaling pathway; olfactory learning; oocyte anterior/posterior axis specification; oocyte microtubule cytoskeleton polarization; plasma membrane; positive regulation of hh target transcription factor activity; regulation of bicoid mRNA localization; regulation of circadian sleep/wake cycle, sleep; regulation of pole plasm oskar mRNA localization; regulation of synaptic transmission; thermosensory behavior""",IPR000961; IPR011009; IPR000719; IPR017441; IPR002290; IPR008271;,,Pka-C1 CdkA DC0 CG4379,Drosophila melanogaster (Fruit fly),353,h16-24 Elevated
TR41739_c1_g2_i6,0,0,0,4.238,0.206,0,cAMP-dependent protein kinase catalytic subunit (PKA C) (EC 2.7.11.11),0,P12370,KAPC_DROME,GO:0005524; GO:0007615; GO:0007448; GO:0048149; GO:0004691; GO:0005952; GO:0019933; GO:0048749; GO:0007480; GO:0007476; GO:0045475; GO:0045879; GO:0008355; GO:0007314; GO:0008103; GO:0005886; GO:0007228; GO:0008359; GO:0045187; GO:0007317; GO:0050804; GO:0040040,Q9VT65; Q03720,,"""ATP binding; anesthesia-resistant memory; anterior/posterior pattern specification, imaginal disc; behavioral response to ethanol; cAMP-dependent protein kinase activity; cAMP-dependent protein kinase complex; cAMP-mediated signaling; compound eye development; imaginal disc-derived leg morphogenesis; imaginal disc-derived wing morphogenesis; locomotor rhythm; negative regulation of smoothened signaling pathway; olfactory learning; oocyte anterior/posterior axis specification; oocyte microtubule cytoskeleton polarization; plasma membrane; positive regulation of hh target transcription factor activity; regulation of bicoid mRNA localization; regulation of circadian sleep/wake cycle, sleep; regulation of pole plasm oskar mRNA localization; regulation of synaptic transmission; thermosensory behavior""",IPR000961; IPR011009; IPR000719; IPR017441; IPR002290; IPR008271;,,Pka-C1 CdkA DC0 CG4379,Drosophila melanogaster (Fruit fly),353,h16-24 Elevated
TR41739_c1_g2_i7,10.825,8.14,0,3.801,10.138,7.143,,,,,,,,,,,,,,h48 Elevated
TR41745_c0_g2_i1,0.003,0,0,2.119,1.673,1.357,E3 ubiquitin-protein ligase HECTD1 (EC 6.3.2.-) (E3 ligase for inhibin receptor) (EULIR) (HECT domain-containing protein 1),0,Q9ULT8,HECD1_HUMAN,GO:0005737; GO:0046872; GO:0001843; GO:0005634; GO:0042787; GO:0004842,,,cytoplasm; metal ion binding; neural tube closure; nucleus; protein ubiquitination involved in ubiquitin-dependent protein catabolic process; ubiquitin-protein ligase activity,IPR002110; IPR020683; IPR011989; IPR016024; IPR008979; IPR000569; IPR010606; IPR012919;,Protein modification; protein ubiquitination.,HECTD1 KIAA1131,Homo sapiens (Human),2610,h16-24 Elevated
TR41776_c1_g1_i5,0.864,16.479,11.089,0,0,0,,,,,,,,,,,,,,H8 Elevated
TR41823_c0_g2_i2,0.244,0.017,0,7.119,0.159,0,,,,,,,,,,,,,,h16-24 Elevated
TR41838_c2_g1_i1,0.021,0.127,0.346,5.266,0.485,0,Integrin alpha-8 [Cleaved into: Integrin alpha-8 heavy chain; Integrin alpha-8 light chain],3.00E-164,P26009,ITA8_CHICK,GO:0007155; GO:0030154; GO:0008305; GO:0007229; GO:0046872; GO:0007399,,,cell adhesion; cell differentiation; integrin complex; integrin-mediated signaling pathway; metal ion binding; nervous system development,IPR013517; IPR013519; IPR000413; IPR013649; IPR018184;,,ITGA8,Gallus gallus (Chicken),1044,h16-24 Elevated
TR41838_c2_g1_i2,0.614,0.016,0,4.5,0.414,0.016,Integrin alpha-8 [Cleaved into: Integrin alpha-8 heavy chain; Integrin alpha-8 light chain],6.00E-165,P26009,ITA8_CHICK,GO:0007155; GO:0030154; GO:0008305; GO:0007229; GO:0046872; GO:0007399,,,cell adhesion; cell differentiation; integrin complex; integrin-mediated signaling pathway; metal ion binding; nervous system development,IPR013517; IPR013519; IPR000413; IPR013649; IPR018184;,,ITGA8,Gallus gallus (Chicken),1044,h16-24 Elevated
TR41936_c2_g2_i2,0,1.18,2.132,6.711,1.774,3.367,,,,,,,,,,,,,,h16-24 Elevated
TR41937_c2_g3_i13,0.041,0,0,6.677,5.103,0,,,,,,,,,,,,,,h16-24 Elevated
TR41937_c2_g3_i20,1.449,1.022,0,7.403,2.435,0,,,,,,,,,,,,,,h16-24 Elevated
TR41937_c2_g3_i9,3.262,0.111,0,0,0,0,,,,,,,,,,,,,,Down all
TR42002_c0_g1_i5,0.782,0.097,0,2.86,0.839,0,CCR4-NOT transcription complex subunit 4 (EC 6.3.2.-) (CCR4-associated factor 4) (E3 ubiquitin-protein ligase CNOT4) (Potential transcriptional repressor NOT4Hp),4.00E-130,O95628,CNOT4_HUMAN,GO:0003723; GO:0005829; GO:0000289; GO:0000166; GO:0005634; GO:0051865; GO:0004842; GO:0008270,,,RNA binding; cytosol; nuclear-transcribed mRNA poly(A) tail shortening; nucleotide binding; nucleus; protein autoubiquitination; ubiquitin-protein ligase activity; zinc ion binding,IPR012677; IPR000504; IPR000571; IPR001841; IPR013083;,Protein modification; protein ubiquitination.,CNOT4 NOT4,Homo sapiens (Human),575,h16-24 Elevated
TR42027_c3_g2_i4,10.635,0.277,0,0.12,0.057,0,,,,,,,,,,,,,,Down all
TR42121_c2_g2_i3,0.597,0.4,0.649,21.744,1.802,0,,,,,,,,,,,,,,h16-24 Elevated
TR42148_c0_g1_i2,1.35,0.306,2.948,7.706,0.857,0,,,,,,,,,,,,,,h16-24 Elevated
TR42148_c0_g1_i3,0,0,0,2.666,0.057,0,"""Glutamate receptor 2 (GluR-2) (AMPA-selective glutamate receptor 2) (GluR-B) (GluR-K2) (Glutamate receptor ionotropic, AMPA 2) (GluA2)""",2.00E-92,P42262,GRIA2_HUMAN,GO:0004971; GO:0032281; GO:0030054; GO:0030666; GO:0005789; GO:0005234; GO:0015277; GO:0045211; GO:0007268; GO:0008021,P46459,,alpha-amino-3-hydroxy-5-methyl-4-isoxazole propionate selective glutamate receptor activity; alpha-amino-3-hydroxy-5-methyl-4-isoxazolepropionic acid selective glutamate receptor complex; cell junction; endocytic vesicle membrane; endoplasmic reticulum membrane; extracellular-glutamate-gated ion channel activity; kainate selective glutamate receptor activity; postsynaptic membrane; synaptic transmission; synaptic vesicle,IPR001828; IPR019594; IPR001320; IPR001508; IPR028082;,,GRIA2 GLUR2,Homo sapiens (Human),883,h16-24 Elevated
TR42148_c0_g1_i4,0,0,0,2.395,0.09,0,"""Glutamate receptor ionotropic, kainate 2 (GluK2) (Glutamate receptor 6) (GluR-6) (GluR6)""",5.00E-121,P42260,GRIK2_RAT,GO:0030054; GO:0032839; GO:0005234; GO:0008328; GO:0015277; GO:0051967; GO:0051402; GO:0043204; GO:0043525; GO:0045211; GO:0042803; GO:0043113; GO:0046328; GO:0007268; GO:0043195,Q66HA1,,"""cell junction; dendrite cytoplasm; extracellular-glutamate-gated ion channel activity; ionotropic glutamate receptor complex; kainate selective glutamate receptor activity; negative regulation of synaptic transmission, glutamatergic; neuron apoptotic process; perikaryon; positive regulation of neuron apoptotic process; postsynaptic membrane; protein homodimerization activity; receptor clustering; regulation of JNK cascade; synaptic transmission; terminal bouton""",IPR001828; IPR019594; IPR001320; IPR001508; IPR028082;,,Grik2 Glur6,Rattus norvegicus (Rat),908,h16-24 Elevated
TR42187_c0_g1_i4,0,16.035,0.572,13.333,10.692,0.007,Synaptopodin 2-like protein,2.00E-16,Q9H987,SYP2L_HUMAN,GO:0030018; GO:0005856; GO:0005634,,,Z disc; cytoskeleton; nucleus,IPR001478;,,SYNPO2L,Homo sapiens (Human),977,
TR42187_c0_g1_i5,0,0,10.912,0,0,0,PDZ and LIM domain protein Zasp (Z band alternatively spliced PDZ-motif protein),6.00E-07,A1ZA47,ZASP_DROME,GO:0030018; GO:0015629; GO:0051371; GO:0005927; GO:0030239; GO:0001952; GO:0008270,,,Z disc; actin cytoskeleton; muscle alpha-actinin binding; muscle tendon junction; myofibril assembly; regulation of cell-matrix adhesion; zinc ion binding,IPR001478; IPR006643; IPR001781;,,Zasp52 Zasp CG30084,Drosophila melanogaster (Fruit fly),2194,H8 Elevated
TR42234_c1_g1_i2,0,0,0.426,2.261,0.17,0,Serine/threonine-protein kinase mig-15 (EC 2.7.11.1) (Abnormal cell migration protein 15),6.00E-171,Q23356,MIG15_CAEEL,GO:0005524; GO:0010171; GO:0033563; GO:0002119; GO:0004674; GO:0000003; GO:0004871; GO:0005083,,,ATP binding; body morphogenesis; dorsal/ventral axon guidance; nematode larval development; protein serine/threonine kinase activity; reproduction; signal transducer activity; small GTPase regulator activity,IPR001180; IPR011009; IPR000719; IPR017441; IPR002290; IPR008271;,,mig-15 ZC504.4,Caenorhabditis elegans,1096,h16-24 Elevated
TR42234_c1_g1_i3,0.85,0.351,0,4.125,0.593,0.432,Mitogen-activated protein kinase kinase kinase kinase 3 (EC 2.7.11.1) (Germinal center kinase-related protein kinase) (GLK) (MAPK/ERK kinase kinase kinase 3) (MEK kinase kinase 3) (MEKKK 3),8.00E-75,Q99JP0,M4K3_MOUSE,GO:0005524; GO:0007243; GO:0004674; GO:0009411; GO:0005083,Q13094; Q02111,,ATP binding; intracellular protein kinase cascade; protein serine/threonine kinase activity; response to UV; small GTPase regulator activity,IPR001180; IPR011009; IPR021160; IPR000719; IPR017441; IPR002290;,,Map4k3,Mus musculus (Mouse),894,h16-24 Elevated
TR42236_c0_g1_i1,1.652,0.042,0,15.719,9.91,0.006,Serine/threonine-protein phosphatase PP1-gamma catalytic subunit (PP-1G) (EC 3.1.3.16),0,Q6NVU2,PPIG_XENTR,GO:0051301; GO:0032154; GO:0000777; GO:0005977; GO:0046872; GO:0030496; GO:0005739; GO:0007067; GO:0007084; GO:0016607; GO:0005730; GO:0006470; GO:0004722,,,cell division; cleavage furrow; condensed chromosome kinetochore; glycogen metabolic process; metal ion binding; midbody; mitochondrion; mitosis; mitotic nuclear envelope reassembly; nuclear speck; nucleolus; protein dephosphorylation; protein serine/threonine phosphatase activity,IPR004843; IPR006186;,,ppp1cc TEgg061c20.1,Xenopus tropicalis (Western clawed frog) (Silurana tropicalis),323,h16-24 Elevated
TR42236_c0_g1_i2,1.53,0.057,0.007,9.835,3,0.011,Serine/threonine-protein phosphatase PP1(5.9) (EC 3.1.3.16),3.00E-138,P23734,PP12_TRYBB,GO:0046872; GO:0004721,,,metal ion binding; phosphoprotein phosphatase activity,IPR004843; IPR006186;,,,Trypanosoma brucei brucei,346,h16-24 Elevated
TR42236_c0_g1_i7,0.417,0,0,13.858,3.413,0,Serine/threonine-protein phosphatase BSU1 (EC 3.1.3.16) (Bri1 suppressor protein 1),4.00E-67,Q9LR78,BSU1_ARATH,GO:0009742; GO:0005506; GO:0030145; GO:0005634; GO:0004722; GO:0032880,,,brassinosteroid mediated signaling pathway; iron ion binding; manganese ion binding; nucleus; protein serine/threonine phosphatase activity; regulation of protein localization,IPR015916; IPR015915; IPR004843; IPR006186; IPR012391;,,BSU1 At1g03445 At1g03450 F21B7.7,Arabidopsis thaliana (Mouse-ear cress),793,h16-24 Elevated
TR42237_c2_g3_i11,1.306,0.465,1.827,13.965,3.664,0,,,,,,,,,,,,,,h16-24 Elevated
TR42237_c2_g3_i14,0.597,1.373,0.026,22.471,9.065,0,,,,,,,,,,,,,,h16-24 Elevated
TR42237_c2_g3_i6,1.234,4.099,0,12.008,3.644,0.275,,,,,,,,,,,,,,h16-24 Elevated
TR42249_c1_g2_i1,2.47,1.849,1.414,7.613,2.799,0,Putative uncharacterized oxidoreductase YDR541C (EC 1.1.1.-),5.00E-39,Q03049,YD541_YEAST,GO:0004090; GO:0044237; GO:0050662,,,carbonyl reductase (NADPH) activity; cellular metabolic process; coenzyme binding,IPR001509; IPR016040;,,YDR541C,Saccharomyces cerevisiae (strain ATCC 204508 / S288c) (Baker's yeast),344,h16-24 Elevated
TR42260_c0_g1_i5,0.223,0.177,0,3.676,0.319,0.04,Leucine-rich repeat and fibronectin type-III domain-containing protein 4,5.00E-28,Q80XU8,LRFN4_MOUSE,GO:0016021,,,integral to membrane,IPR000483; IPR003961; IPR007110; IPR013783; IPR013098; IPR003598; IPR001611; IPR003591; IPR000372;,,Lrfn4 Salm3,Mus musculus (Mouse),636,h16-24 Elevated
TR42261_c3_g2_i8,0,0.033,0,2.845,0.155,0.001,"""Membrane metallo-endopeptidase-like 1 (EC 3.4.24.11) (NEP2(m)) (Neprilysin II) (NEPII) (Neprilysin-2) (NEP2) (NL2) (Neprilysin-like 1) (NL-1) (Neprilysin-like peptidase) (NEPLP) (Soluble secreted endopeptidase) [Cleaved into: Membrane metallo-endopeptidase-like 1, soluble form (Neprilysin-2 secreted) (NEP2(s))]""",8.00E-168,Q9JLI3,MMEL1_MOUSE,GO:0005794; GO:0005783; GO:0005615; GO:0016021; GO:0004222; GO:0006508; GO:0008270,,,Golgi apparatus; endoplasmic reticulum; extracellular space; integral to membrane; metalloendopeptidase activity; proteolysis; zinc ion binding,IPR024079; IPR000718; IPR018497; IPR008753;,,Mmel1 Nep2 Nl1 Sep,Mus musculus (Mouse),765,h16-24 Elevated
TR42291_c2_g2_i1,0,0,0.765,39.8,405.299,28.784,,,,,,,,,,,,,,h16-24 Elevated
TR42297_c2_g1_i9,0.354,0,0,5.592,0.432,0.208,,,,,,,,,,,,,,h16-24 Elevated
TR42305_c0_g1_i2,1.714,0.302,0.902,6.944,0.827,0,Septin-7 (CDC10 protein homolog),0,O55131,SEPT7_MOUSE,GO:0005525; GO:0043679; GO:0005938; GO:0051301; GO:0035085; GO:0060271; GO:0032154; GO:0000777; GO:0030496; GO:0007067; GO:0005634; GO:0051291; GO:0016476; GO:0031105; GO:0005819; GO:0001725; GO:0045202,,,GTP binding; axon terminus; cell cortex; cell division; cilium axoneme; cilium morphogenesis; cleavage furrow; condensed chromosome kinetochore; midbody; mitosis; nucleus; protein heterooligomerization; regulation of embryonic cell shape; septin complex; spindle; stress fiber; synapse,IPR000038; IPR027417; IPR016491; IPR008115;,,Sept7 Cdc10,Mus musculus (Mouse),436,h16-24 Elevated
TR42325_c1_g3_i2,0,7.833,0,14.193,9.114,2.239,,,,,,,,,,,,,,h16-24 Elevated
TR42333_c0_g2_i4,4.861,3.093,1.941,25.782,7.145,0,V-type proton ATPase 16 kDa proteolipid subunit (V-ATPase 16 kDa proteolipid subunit) (Vacuolar proton pump 16 kDa proteolipid subunit),4.00E-66,P55277,VATL_HELVI,GO:0015991; GO:0015078; GO:0016021; GO:0033179; GO:0005774,,,"""ATP hydrolysis coupled proton transport; hydrogen ion transmembrane transporter activity; integral to membrane; proton-transporting V-type ATPase, V0 domain; vacuolar membrane""",IPR002379; IPR000245; IPR011555;,,VHA16,Heliothis virescens (Tobacco budworm moth),156,h16-24 Elevated
TR42339_c1_g2_i5,1.138,0.176,0,16.253,1.479,0.244,,,,,,,,,,,,,,h16-24 Elevated
TR42355_c2_g5_i9,0,0,0,12.727,10.033,3.237,,,,,,,,,,,,,,h16-24 Elevated
TR42423_c2_g3_i5,0,0,12.882,0,0,0.184,Fibrinogen C domain-containing protein 1-B,2.00E-47,Q5XK91,FBCDB_XENLA,GO:0008061; GO:0016021; GO:0046872,,,chitin binding; integral to membrane; metal ion binding,IPR014716; IPR014715; IPR002181; IPR020837;,,fibcd1-b,Xenopus laevis (African clawed frog),457,H8 Elevated
TR42426_c0_g2_i3,0,0.174,0.616,10.724,3.188,0.231,,,,,,,,,,,,,,h16-24 Elevated
TR42427_c2_g1_i5,0.165,0.109,0,1.54,0.13,0.01,Potassium voltage-gated channel protein Shaw (Shaw2),0,P17972,KCNAW_DROME,GO:0005251; GO:0051260; GO:0030431; GO:0008076,,,delayed rectifier potassium channel activity; protein homooligomerization; sleep; voltage-gated potassium channel complex,IPR000210; IPR011333; IPR027359; IPR005821; IPR003091; IPR003968; IPR003974; IPR015572; IPR003131; IPR028325;,,Shaw SHAW2 CG2822,Drosophila melanogaster (Fruit fly),498,h16-24 Elevated
TR42435_c0_g1_i2,0.911,0.144,0,5.394,0.489,0,,,,,,,,,,,,,,h16-24 Elevated
TR42435_c0_g1_i4,0.318,0.134,0,5.214,0.345,0.05,Serine/threonine-protein phosphatase PP1 (EC 3.1.3.16),4.00E-172,P48487,PP1_BRAOL,GO:0046872; GO:0004721,,,metal ion binding; phosphoprotein phosphatase activity,IPR004843; IPR006186;,,PP1,Brassica oleracea (Wild cabbage),316,h16-24 Elevated
TR42443_c3_g4_i10,0.654,0.112,0,4.696,1.174,0.095,Muscleblind-like protein 3 (Cys3His CCG1-required protein) (Muscleblind-like X-linked protein) (Protein HCHCR),5.00E-71,Q9NUK0,MBNL3_HUMAN,GO:0005794; GO:0008380; GO:0006397; GO:0046872; GO:0007275; GO:0045662; GO:0005634; GO:0043484,,,Golgi apparatus; RNA splicing; mRNA processing; metal ion binding; multicellular organismal development; negative regulation of myoblast differentiation; nucleus; regulation of RNA splicing,IPR000571;,,MBNL3 CHCR MBLX39 MBXL,Homo sapiens (Human),354,h16-24 Elevated
TR42477_c2_g8_i11,0.714,0.433,64.699,0.023,0.663,0.308,,,,,,,,,,,,,,H8 Elevated
TR42501_c1_g1_i5,0.303,0.379,0,1.668,0.447,0.097,Phosphatase and actin regulator 1,7.00E-51,Q801X6,PHAR1_CHICK,GO:0003779; GO:0031532; GO:0031032; GO:0030054; GO:0005829; GO:0005634; GO:0004864; GO:0043149; GO:0045202,,,actin binding; actin cytoskeleton reorganization; actomyosin structure organization; cell junction; cytosol; nucleus; protein phosphatase inhibitor activity; stress fiber assembly; synapse,IPR004018;,,PHACTR1 DDSG1,Gallus gallus (Chicken),501,h16-24 Elevated
TR42501_c1_g1_i7,0,0,0,1.538,0.117,0.017,Phosphatase and actin regulator 1,8.00E-51,Q801X6,PHAR1_CHICK,GO:0003779; GO:0031532; GO:0031032; GO:0030054; GO:0005829; GO:0005634; GO:0004864; GO:0043149; GO:0045202,,,actin binding; actin cytoskeleton reorganization; actomyosin structure organization; cell junction; cytosol; nucleus; protein phosphatase inhibitor activity; stress fiber assembly; synapse,IPR004018;,,PHACTR1 DDSG1,Gallus gallus (Chicken),501,h16-24 Elevated
TR42506_c1_g1_i3,0,0.127,0.697,9.043,4.02,0,"""Pyruvate dehydrogenase E1 component subunit alpha, somatic form, mitochondrial (EC 1.2.4.1) (PDHE1-A type I)""",4.00E-170,P35486,ODPA_MOUSE,GO:0006086; GO:0006096; GO:0005759; GO:0005739; GO:0004739; GO:0004738; GO:0045254; GO:0006099,,,acetyl-CoA biosynthetic process from pyruvate; glycolysis; mitochondrial matrix; mitochondrion; pyruvate dehydrogenase (acetyl-transferring) activity; pyruvate dehydrogenase activity; pyruvate dehydrogenase complex; tricarboxylic acid cycle,IPR001017; IPR017597;,,Pdha1 Pdha-1,Mus musculus (Mouse),390,h16-24 Elevated
TR42513_c1_g1_i5,5.179,3.835,1.9,5.281,12.47,0.002,RNA binding protein fox-1 homolog 1 (Ataxin-2-binding protein 1) (Fox-1 homolog A),9.00E-42,Q5NVN8,RFOX1_PONAB,GO:0003723; GO:0008380; GO:0005737; GO:0006397; GO:0000166; GO:0005634; GO:0043484,,,RNA binding; RNA splicing; cytoplasm; mRNA processing; nucleotide binding; nucleus; regulation of RNA splicing,IPR025670; IPR012677; IPR017325; IPR000504;,,RBFOX1 A2BP1 FOX1,Pongo abelii (Sumatran orangutan) (Pongo pygmaeus abelii),382,h16-24 Elevated
TR42513_c1_g1_i7,0.211,0.796,0,7.326,4.28,0,RNA binding protein fox-1 homolog 1 (Ataxin-2-binding protein 1) (Fox-1 homolog A),1.00E-40,Q9JJ43,RFOX1_MOUSE,GO:0003723; GO:0008380; GO:0005737; GO:0006397; GO:0050885; GO:0005654; GO:0000166; GO:0043484,,,RNA binding; RNA splicing; cytoplasm; mRNA processing; neuromuscular process controlling balance; nucleoplasm; nucleotide binding; regulation of RNA splicing,IPR025670; IPR012677; IPR017325; IPR000504;,,Rbfox1 A2bp A2bp1 Fox1 MNCb-3035,Mus musculus (Mouse),396,h16-24 Elevated
TR42518_c1_g1_i13,0,3.487,1.808,1.706,8.404,0.424,,,,,,,,,,,,,,h16-24 Elevated
TR42518_c1_g1_i3,0,2.9,1.519,2.968,6.76,0,Major vault protein (MVP),0,Q5EAJ7,MVP_STRPU,GO:0005737; GO:0005634; GO:0030529,,,cytoplasm; nucleus; ribonucleoprotein complex,IPR000048; IPR021870; IPR002499;,,MVP,Strongylocentrotus purpuratus (Purple sea urchin),857,h16-24 Elevated
TR42521_c0_g1_i5,0.131,1.334,0.591,3.96,2.345,0,,,,,,,,,,,,,,h16-24 Elevated
TR42523_c2_g1_i4,1.113,0.243,0.162,5.833,0.943,0,Cdc42 homolog,2.00E-111,Q29HY3,CDC42_DROPS,GO:0005525; GO:0005912; GO:0005622; GO:0045185; GO:0007275; GO:0005886; GO:0045860; GO:0007264,,,GTP binding; adherens junction; intracellular; maintenance of protein location; multicellular organismal development; plasma membrane; positive regulation of protein kinase activity; small GTPase mediated signal transduction,IPR027417; IPR005225; IPR001806; IPR003578;,,Cdc42 GA11680,Drosophila pseudoobscura pseudoobscura (Fruit fly),191,h16-24 Elevated
TR42548_c0_g2_i1,0,0,0,0.626,3.15,0,RING finger protein 151,7.00E-09,Q9CQ29,RN151_MOUSE,GO:0030154; GO:0005737; GO:0005634; GO:0007283; GO:0004842; GO:0008270,,,cell differentiation; cytoplasm; nucleus; spermatogenesis; ubiquitin-protein ligase activity; zinc ion binding,IPR013323; IPR008974; IPR001841; IPR013083; IPR017907; IPR013010; IPR001293;,,Rnf151,Mus musculus (Mouse),239,h16-24 Elevated
TR42586_c1_g1_i7,0,0.06,0.164,2.089,0.696,0.15,"""Phosphatidylinositol 3,4,5-trisphosphate 5-phosphatase 2 (EC 3.1.3.86) (Inositol polyphosphate phosphatase-like protein 1) (INPPL-1) (SH2 domain-containing inositol 5'-phosphatase 2) (SH2 domain-containing inositol phosphatase 2) (SHIP-2)""",3.00E-173,Q9WVR3,SHIP2_RAT,GO:0005794; GO:0007015; GO:0007420; GO:0007155; GO:0005856; GO:0005829; GO:0001958; GO:0006897; GO:0030175; GO:0006006; GO:0032957; GO:0004445; GO:0030027; GO:0008156; GO:0043407; GO:0008285; GO:0010629; GO:0046627; GO:0043569; GO:0010977; GO:0010642; GO:0006661; GO:0046856; GO:0005547; GO:0005886; GO:0009791; GO:0042493; GO:0032868; GO:0097178,,,"""Golgi apparatus; actin filament organization; brain development; cell adhesion; cytoskeleton; cytosol; endochondral ossification; endocytosis; filopodium; glucose metabolic process; inositol trisphosphate metabolic process; inositol-polyphosphate 5-phosphatase activity; lamellipodium; negative regulation of DNA replication; negative regulation of MAP kinase activity; negative regulation of cell proliferation; negative regulation of gene expression; negative regulation of insulin receptor signaling pathway; negative regulation of insulin-like growth factor receptor signaling pathway; negative regulation of neuron projection development; negative regulation of platelet-derived growth factor receptor signaling pathway; phosphatidylinositol biosynthetic process; phosphatidylinositol dephosphorylation; phosphatidylinositol-3,4,5-trisphosphate binding; plasma membrane; post-embryonic development; response to drug; response to insulin stimulus; ruffle assembly""",IPR005135; IPR000300; IPR001660; IPR013761; IPR021129; IPR000980;,,Inppl1 Ship2,Rattus norvegicus (Rat),1257,h16-24 Elevated
TR42598_c2_g4_i3,0,0.291,0,1.998,0.312,0.028,,,,,,,,,,,,,,h16-24 Elevated
TR42615_c0_g1_i5,10.608,0.035,0,0,0,0,,,,,,,,,,,,,,Down all
TR42638_c1_g1_i6,0.01,0,0.472,7.486,0.923,0.029,Coronin-1A (Coronin-like protein A) (Clipin-A) (Coronin-like protein p57) (Tryptophan aspartate-containing coat protein) (TACO),7.00E-172,O89053,COR1A_MOUSE,GO:0043029; GO:0051015; GO:0007015; GO:0006816; GO:0031589; GO:0071353; GO:0030864; GO:0048873; GO:0042802; GO:0001772; GO:0030027; GO:0030595; GO:0051126; GO:0001891; GO:0045335; GO:0030670; GO:0001845; GO:0050918; GO:0042102; GO:0030335; GO:0043234; GO:0030833; GO:0008360; GO:0032796,,,T cell homeostasis; actin filament binding; actin filament organization; calcium ion transport; cell-substrate adhesion; cellular response to interleukin-4; cortical actin cytoskeleton; homeostasis of number of cells within a tissue; identical protein binding; immunological synapse; lamellipodium; leukocyte chemotaxis; negative regulation of actin nucleation; phagocytic cup; phagocytic vesicle; phagocytic vesicle membrane; phagolysosome assembly; positive chemotaxis; positive regulation of T cell proliferation; positive regulation of cell migration; protein complex; regulation of actin filament polymerization; regulation of cell shape; uropod organization,IPR027333; IPR015505; IPR015048; IPR015049; IPR015943; IPR001680; IPR019775; IPR017986;,,Coro1a Coro1,Mus musculus (Mouse),461,h16-24 Elevated
TR42640_c0_g1_i2,0.451,0.389,0.001,1.555,0.377,0,Formin-binding protein 1-like (Transducer of Cdc42-dependent actin assembly protein 1) (Toca-1),2.00E-115,Q6DCZ7,FBP1L_XENLA,GO:0006914; GO:0005938; GO:0016023; GO:0005856; GO:0006897; GO:0008289; GO:0005886,,,autophagy; cell cortex; cytoplasmic membrane-bounded vesicle; cytoskeleton; endocytosis; lipid binding; plasma membrane,IPR001060; IPR001452;,,fnbp1l toca1,Xenopus laevis (African clawed frog),543,h16-24 Elevated
TR42661_c1_g1_i1,1.111,0.796,1.924,18.255,1.557,0,Probable nucleosome assembly protein,9.00E-16,Q55ED1,NAP1_DICDI,GO:0005737; GO:0042393; GO:0006334; GO:0005634,,,cytoplasm; histone binding; nucleosome assembly; nucleus,IPR002164;,,nap1 DDB_G0269290,Dictyostelium discoideum (Slime mold),321,h16-24 Elevated
TR42669_c0_g2_i4,0.659,0.624,1.66,4.732,0.65,0,Eukaryotic peptide chain release factor GTP-binding subunit ERF3A (Eukaryotic peptide chain release factor subunit 3a) (eRF3a) (G1 to S phase transition protein 1 homolog),0,P15170,ERF3A_HUMAN,GO:0000082; GO:0005525; GO:0003924; GO:0005622; GO:0000184; GO:0006479; GO:0003747,P62495; Q92900,,"""G1/S transition of mitotic cell cycle; GTP binding; GTPase activity; intracellular; nuclear-transcribed mRNA catabolic process, nonsense-mediated decay; protein methylation; translation release factor activity""",IPR000795; IPR027417; IPR009000; IPR009001; IPR004161; IPR004160;,,GSPT1 ERF3A,Homo sapiens (Human),499,h16-24 Elevated
TR42676_c0_g2_i1,0,0,0,2.221,1.914,0,"""Probable isoleucine--tRNA ligase, cytoplasmic (EC 6.1.1.5) (Isoleucyl-tRNA synthetase) (IRS) (IleRS)""",0,Q54YD4,SYIC_DICDI,GO:0005524; GO:0002161; GO:0005829; GO:0004822; GO:0006428; GO:0006450,,,ATP binding; aminoacyl-tRNA editing activity; cytosol; isoleucine-tRNA ligase activity; isoleucyl-tRNA aminoacylation; regulation of translational fidelity,IPR001412; IPR002300; IPR002301; IPR023586; IPR014729; IPR009080; IPR013155; IPR009008;,,ileS DDB_G0278293,Dictyostelium discoideum (Slime mold),1067,h16-24 Elevated
TR42687_c3_g2_i4,0,0,0.287,3.186,0.189,0.077,Kinesin heavy chain,0,P21613,KINH_DORPE,GO:0005524; GO:0005737; GO:0005871; GO:0005874; GO:0003777; GO:0007018,,,ATP binding; cytoplasm; kinesin complex; microtubule; microtubule motor activity; microtubule-based movement,IPR027640; IPR019821; IPR001752; IPR027417;,,,Doryteuthis pealeii (Longfin inshore squid) (Loligo pealeii),967,h16-24 Elevated
TR42714_c0_g1_i1,1.803,0,1.208,3.206,1.379,0,"""E3 ubiquitin-protein ligase HUWE1 (EC 6.3.2.-) (ARF-binding protein 1) (ARF-BP1) (HECT, UBA and WWE domain-containing protein 1) (Homologous to E6AP carboxyl terminus homologous protein 9) (HectH9) (Large structure of UREB1) (LASU1) (Mcl-1 ubiquitin ligase E3) (Mule) (Upstream regulatory element-binding protein 1) (URE-B1) (URE-binding protein 1)""",0,Q7Z6Z7,HUWE1_HUMAN,GO:0003677; GO:0006284; GO:0030154; GO:0005737; GO:0016574; GO:0005634; GO:0006513; GO:0000209; GO:0042787; GO:0004842,Q8N726; P04637; Q13107,,DNA binding; base-excision repair; cell differentiation; cytoplasm; histone ubiquitination; nucleus; protein monoubiquitination; protein polyubiquitination; protein ubiquitination involved in ubiquitin-dependent protein catabolic process; ubiquitin-protein ligase activity,IPR016024; IPR025527; IPR010309; IPR010314; IPR000569; IPR009060; IPR015940; IPR000449; IPR004170;,Protein modification; protein ubiquitination.,HUWE1 KIAA0312 KIAA1578 UREB1 HSPC272,Homo sapiens (Human),4374,h16-24 Elevated
TR42730_c0_g1_i1,0,0.494,0.74,4.278,1.028,0.047,RING finger protein nhl-1,7.00E-82,Q03601,NHL1_CAEEL,GO:0008270,G5EFS1; O62482,,zinc ion binding,IPR011042; IPR001258; IPR013017; IPR018957; IPR001841; IPR013083; IPR017907;,,nhl-1 F54G8.4,Caenorhabditis elegans,974,h16-24 Elevated
TR42730_c0_g1_i9,0,0.067,0,2.74,0.451,0,RING finger protein nhl-1,1.00E-82,Q03601,NHL1_CAEEL,GO:0008270,G5EFS1; O62482,,zinc ion binding,IPR011042; IPR001258; IPR013017; IPR018957; IPR001841; IPR013083; IPR017907;,,nhl-1 F54G8.4,Caenorhabditis elegans,974,h16-24 Elevated
TR42740_c1_g1_i2,3.436,2.012,1.549,11.468,6.797,0,Double-stranded RNA-binding protein Staufen homolog 1,2.00E-60,Q9Z108,STAU1_MOUSE,GO:0003723; GO:0010494; GO:0008298; GO:0005791,,,RNA binding; cytoplasmic stress granule; intracellular mRNA localization; rough endoplasmic reticulum,IPR014720;,,Stau1 Stau,Mus musculus (Mouse),487,h16-24 Elevated
TR42799_c0_g1_i1,1.681,1.197,0,3.117,0.615,2.15,Calpain-B (EC 3.4.22.-) (Calcium-activated neutral proteinase B) (CANP B) [Cleaved into: Calpain-B catalytic subunit 1; Calpain-B catalytic subunit 2],0,Q9VT65,CANB_DROME,GO:0007298; GO:0005509; GO:0004198; GO:0005737; GO:0016020; GO:0016540; GO:0006508,P12370,,border follicle cell migration; calcium ion binding; calcium-dependent cysteine-type endopeptidase activity; cytoplasm; membrane; protein autoprocessing; proteolysis,IPR022684; IPR022682; IPR022683; IPR011992; IPR018247; IPR002048; IPR000169; IPR001300;,,CalpB CG8107,Drosophila melanogaster (Fruit fly),925,h48 Elevated
TR42816_c0_g1_i3,0.117,0,2.289,6.135,1.629,0.295,,,,,,,,,,,,,,h16-24 Elevated
TR42875_c0_g3_i5,3.106,0.109,0,1.701,0.321,0.007,,,,,,,,,,,,,,h48 Elevated
TR42942_c0_g1_i4,0,0.217,0.431,2.354,0.491,0.143,Serine/threonine-protein phosphatase 2A 56 kDa regulatory subunit delta isoform (PP2A B subunit isoform B'-delta) (PP2A B subunit isoform B56-delta) (PP2A B subunit isoform PR61-delta) (PP2A B subunit isoform R5-delta),0,Q14738,2A5D_HUMAN,GO:0002755; GO:0035666; GO:0005829; GO:0006112; GO:0006096; GO:0045087; GO:0007399; GO:0048011; GO:0005654; GO:0000159; GO:0008601; GO:0004722; GO:0044281; GO:0051403; GO:0034166; GO:0034134; GO:0034138; GO:0034142; GO:0034146; GO:0034162; GO:0038123; GO:0038124,O08785; Q13136; P30153; P30154,,MyD88-dependent toll-like receptor signaling pathway; TRIF-dependent toll-like receptor signaling pathway; cytosol; energy reserve metabolic process; glycolysis; innate immune response; nervous system development; neurotrophin TRK receptor signaling pathway; nucleoplasm; protein phosphatase type 2A complex; protein phosphatase type 2A regulator activity; protein serine/threonine phosphatase activity; small molecule metabolic process; stress-activated MAPK cascade; toll-like receptor 10 signaling pathway; toll-like receptor 2 signaling pathway; toll-like receptor 3 signaling pathway; toll-like receptor 4 signaling pathway; toll-like receptor 5 signaling pathway; toll-like receptor 9 signaling pathway; toll-like receptor TLR1:TLR2 signaling pathway; toll-like receptor TLR6:TLR2 signaling pathway,IPR016024; IPR002554;,,PPP2R5D,Homo sapiens (Human),602,h16-24 Elevated
TR42983_c3_g1_i4,1.353,1.674,0,8.444,1.005,0,Tubulin alpha-3 chain (Alpha-tubulin 3),0,Q68FR8,TBA3_RAT,GO:0005525; GO:0003924; GO:0005737; GO:0005874; GO:0007017; GO:0051258; GO:0005200,,,GTP binding; GTPase activity; cytoplasm; microtubule; microtubule-based process; protein polymerization; structural constituent of cytoskeleton,IPR002452; IPR008280; IPR000217; IPR018316; IPR023123; IPR017975; IPR003008;,,Tuba3a Tuba3; Tuba3b Tuba3,Rattus norvegicus (Rat),450,h16-24 Elevated
TR43033_c3_g2_i12,0,0,0.001,8.665,4.723,0,Annexin A7 (Annexin VII) (Annexin-7) (Synexin),4.00E-110,Q92125,ANXA7_XENLA,GO:0005509; GO:0005544,,,calcium ion binding; calcium-dependent phospholipid binding,IPR001464; IPR018502; IPR018252; IPR013286;,,anxa7 anx7,Xenopus laevis (African clawed frog),512,h16-24 Elevated
TR43033_c3_g2_i6,9.379,3.08,4.121,0,0,0.551,Annexin D1 (AnnAt1) (Annexin A1),1.00E-47,Q9SYT0,ANXD1_ARATH,GO:0005524; GO:0048046; GO:0005509; GO:0070588; GO:0005544; GO:0005618; GO:0009570; GO:0005507; GO:0005829; GO:0005739; GO:0004601; GO:0005886; GO:0009506; GO:0071435; GO:0042803; GO:0009737; GO:0046686; GO:0009409; GO:0009408; GO:0006979; GO:0009651; GO:0009414; GO:0009579; GO:0005774; GO:0008270,,,ATP binding; apoplast; calcium ion binding; calcium ion transmembrane transport; calcium-dependent phospholipid binding; cell wall; chloroplast stroma; copper ion binding; cytosol; mitochondrion; peroxidase activity; plasma membrane; plasmodesma; potassium ion export; protein homodimerization activity; response to abscisic acid stimulus; response to cadmium ion; response to cold; response to heat; response to oxidative stress; response to salt stress; response to water deprivation; thylakoid; vacuolar membrane; zinc ion binding,IPR001464; IPR009118; IPR018502; IPR018252;,,ANN1 ANNAT1 ANX23-ATH ATOXY5 OXY5 At1g35720 F14D7.2,Arabidopsis thaliana (Mouse-ear cress),317,Down all
TR43040_c0_g1_i7,0,0,0,5.137,0.356,0,Adducin-related protein 1,3.00E-141,Q9U9K0,ADD1_CAEEL,GO:0051015; GO:0051016; GO:0005737; GO:0007616; GO:0005886; GO:0014069; GO:0097120; GO:2000249; GO:0007614,,,actin filament binding; barbed-end actin filament capping; cytoplasm; long-term memory; plasma membrane; postsynaptic density; receptor localization to synapse; regulation of actin cytoskeleton reorganization; short-term memory,IPR001303;,,add-1 F39C12.2,Caenorhabditis elegans,732,h16-24 Elevated
TR43060_c0_g1_i1,0.666,0.196,0.261,16.074,0.158,0,,,,,,,,,,,,,,h16-24 Elevated
TR43095_c0_g1_i8,0.001,0.293,0.001,1.237,0,0.001,Adapter protein unc-53 (Uncoordinated protein 53),3.00E-51,Q7YSI9,UNC53_CAEEL,GO:0030036; GO:0051015; GO:0007411; GO:0043057; GO:0005737; GO:0016204; GO:0007617; GO:0008078; GO:0018991; GO:0045773; GO:0030335; GO:0040018; GO:0007165,,,actin cytoskeleton organization; actin filament binding; axon guidance; backward locomotion; cytoplasm; determination of muscle attachment site; mating behavior; mesodermal cell migration; oviposition; positive regulation of axon extension; positive regulation of cell migration; positive regulation of multicellular organism growth; signal transduction,IPR001715; IPR027417;,,unc-53 F45E10.1,Caenorhabditis elegans,1654,h16-24 Elevated
TR43104_c0_g1_i8,0,0,0,3.051,0.097,0,Laminin subunit beta-1 (Laminin B1 chain),8.00E-114,P11046,LAMB1_DROME,GO:0005605; GO:0070831; GO:0007155; GO:0016477; GO:0050829; GO:0008406; GO:0045089,,,basal lamina; basement membrane assembly; cell adhesion; cell migration; defense response to Gram-negative bacterium; gonad development; positive regulation of innate immune response,IPR013032; IPR002049; IPR013015; IPR008211;,,LanB1 lamB1 CG7123,Drosophila melanogaster (Fruit fly),1788,h16-24 Elevated
TR43115_c2_g1_i4,0.25,1.257,0,5.973,4.076,0,Fibroblast growth factor receptor 2 (DjFgfr2) (FGFR-2) (EC 2.7.10.1) (DjPTK1),1.00E-47,Q8MY85,FGFR2_DUGJA,GO:0005524; GO:0016021; GO:0018108; GO:0004714,,,ATP binding; integral to membrane; peptidyl-tyrosine phosphorylation; transmembrane receptor protein tyrosine kinase activity,IPR007110; IPR013783; IPR011009; IPR000719; IPR017441; IPR001245; IPR008266; IPR020635;,,FGFR2,Dugesia japonica (Planarian),887,h16-24 Elevated
TR43133_c1_g1_i2,3.645,0,5.175,9.72,1.834,0.929,Apolipophorins [Cleaved into: Apolipophorin-2 (Apolipophorin II) (apoLp-2); Apolipophorin-1 (Apolipophorin I) (apoLp-1)],3.00E-60,Q9U943,APLP_LOCMI,GO:0016055; GO:0005576; GO:0008289; GO:0005319,,,Wnt receptor signaling pathway; extracellular region; lipid binding; lipid transporter activity,IPR015819; IPR001747; IPR009454; IPR015816; IPR015255; IPR015817; IPR015818; IPR011030; IPR001846;,,,Locusta migratoria (Migratory locust),3380,h16-24 Elevated
TR43164_c1_g1_i2,0.763,0.355,0.508,2.602,0.896,0,,,,,,,,,,,,,,h16-24 Elevated
TR43165_c0_g1_i1,0.205,0.021,0.256,5.621,0.594,0,,,,,,,,,,,,,,h16-24 Elevated
TR43176_c1_g3_i1,0,0.781,4.36,0.28,0.279,0,,,,,,,,,,,,,,H8 Elevated
TR43196_c3_g3_i1,0,3.189,0,31.015,5.215,0.523,,,,,,,,,,,,,,h16-24 Elevated
TR43196_c3_g3_i5,0,3.274,19.746,6.534,2.132,0.192,,,,,,,,,,,,,,h16-24 Elevated
TR43221_c1_g2_i1,0.287,0.452,0,10.167,1.811,0,,,,,,,,,,,,,,h16-24 Elevated
TR43237_c0_g1_i4,0.257,0.327,0,3.171,0.64,0.225,UTP--glucose-1-phosphate uridylyltransferase (EC 2.7.7.9) (UDP-glucose pyrophosphorylase) (UDPGP) (UGPase),0,Q07130,UGPA_BOVIN,GO:0003983; GO:0005737; GO:0046872,,,UTP:glucose-1-phosphate uridylyltransferase activity; cytoplasm; metal ion binding,IPR002618; IPR016267;,,UGP2,Bos taurus (Bovine),508,h16-24 Elevated
TR43242_c1_g2_i1,0.538,0.313,1.748,5.493,0.005,0,,,,,,,,,,,,,,h16-24 Elevated
TR43251_c1_g2_i1,8.637,7.049,0.244,39.702,17.996,0,,,,,,,,,,,,,,h16-24 Elevated
TR43261_c1_g1_i1,0.125,0,0.181,4.24,0.238,0.297,Unc-112-related protein (Fermitin-1),0,Q9VZI3,UN112_DROME,GO:0048738; GO:0050839; GO:0007160; GO:0005737; GO:0050829; GO:0005543,,,cardiac muscle tissue development; cell adhesion molecule binding; cell-matrix adhesion; cytoplasm; defense response to Gram-negative bacterium; phospholipid binding,IPR019749; IPR014352; IPR019748; IPR011993; IPR001849;,,Fit1 CG14991,Drosophila melanogaster (Fruit fly),708,h16-24 Elevated
TR43261_c1_g1_i8,0,0,1.588,0,0.053,0,Fermitin family homolog 3 (Kindlin-3) (Unc-112-related protein 2),2.00E-127,Q8K1B8,URP2_MOUSE,GO:0030054; GO:0042995; GO:0033622; GO:0005178; GO:0007159; GO:0005543; GO:0070527; GO:0002102; GO:0033632,,,cell junction; cell projection; integrin activation; integrin binding; leukocyte cell-cell adhesion; phospholipid binding; platelet aggregation; podosome; regulation of cell-cell adhesion mediated by integrin,IPR019749; IPR014352; IPR019748; IPR011993; IPR001849;,,Fermt3 Kind3 Urp2,Mus musculus (Mouse),665,H8 Elevated
TR43302_c10_g1_i2,0.652,1.391,0,6.325,2.073,0.021,Ras association domain-containing protein 5 (Maxp1) (New ras effector 1),4.00E-49,O35141,RASF5_RAT,GO:0006915; GO:0005737; GO:0035556; GO:0046872; GO:0005874; GO:0005634; GO:0031398,,,apoptotic process; cytoplasm; intracellular signal transduction; metal ion binding; microtubule; nucleus; positive regulation of protein ubiquitination,IPR002219; IPR000159; IPR011524;,,Rassf5 Nore1,Rattus norvegicus (Rat),413,h16-24 Elevated
TR8506_c0_g1_i1,0,0,0,125.495,18.627,0,,,,,,,,,,,,,,h16-24 Elevated
